SampleID	SampleCollectedBy	SampleNotes	CollectionDate	Subj_Certainty	Subject	n_dna_extracts	n_16s_sample
BUB-30-DRS	SA		2023-04-08	yes	Bubblegum	0	0
BUB-30-MGE	SA		2023-04-08	yes	Bubblegum	0	0
BUB-31-DRS	SA	See notes on Notion for Room F	2023-04-09	yes	Bubblegum	0	0
BUB-31-MGE	SA	See notes on Notion for Room F	2023-04-09	yes	Bubblegum	0	0
BUB-32-DRS	SA/GR		2023-04-10	yes	Bubblegum	0	0
BUB-32-MGE	SA/GR		2023-04-10	yes	Bubblegum	0	0
BUD-11-DRS	SA		2023-03-20	yes	Buddy	0	0
BUD-11-MGE	SA		2023-03-20	yes	Buddy	1	1
BUD-14-DRS	SA/GR		2023-03-23	yes	Buddy	0	0
BUD-14-MGE	SA/GR		2023-03-23	yes	Buddy	0	0
BUD-16-DRS	SA		2023-03-25	yes	Buddy	1	1
BUD-16-MGE	SA		2023-03-25	yes	Buddy	1	0
BUD-17-DRS	SA		2023-03-26	yes	Buddy	0	0
BUD-17-MGE	SA		2023-03-26	yes	Buddy	1	0
BUD-18-DRS	SA/GR		2023-03-27	yes	Buddy	0	0
BUD-18-MGE	SA/GR		2023-03-27	yes	Buddy	1	0
BUD-19-DRS	SA		2023-03-28	yes	Buddy	0	0
BUD-20-DRS	SA		2023-03-29	yes	Buddy	0	0
BUD-20-MGE	SA		2023-03-29	yes	Buddy	0	0
BUD-21-DRS	SA		2023-03-30	yes	Buddy	0	0
BUD-21-MGE	SA		2023-03-30	yes	Buddy	1	0
BUD-22-DRS	SA/GR		2023-03-31	yes	Buddy	0	0
BUD-22-MGE	SA/GR		2023-03-31	yes	Buddy	0	0
BUD-24-DRS	SA		2023-04-02	yes	Buddy	0	0
BUD-24-MGE	SA		2023-04-02	yes	Buddy	0	0
BUD-25-DRS	SA/GR		2023-04-03	yes	Buddy	0	0
BUD-25-MGE	SA/GR		2023-04-03	yes	Buddy	0	0
BUD-27-DRS	SA/GR		2023-04-05	yes	Buddy	1	0
BUD-27-MGE	SA/GR		2023-04-05	yes	Buddy	1	0
BUD-28-DRS	SA		2023-04-06	yes	Buddy	0	0
BUD-28-MGE	SA		2023-04-06	yes	Buddy	1	1
BUD-29-DRS	SA/GR		2023-04-07	yes	Buddy	2	0
BUD-29-MGE	SA/GR		2023-04-07	yes	Buddy	2	0
BUD-3-DRS	SA		2023-03-12	yes	Buddy	0	0
BUD-3-MGE	SA		2023-03-12	yes	Buddy	0	0
BUD-30-DRS	SA		2023-04-08	yes	Buddy	0	0
BUD-30-MGE	SA		2023-04-08	yes	Buddy	0	0
BUD-32-DRS	SA/GR		2023-04-10	yes	Buddy	0	0
BUD-32-MGE	SA/GR		2023-04-10	yes	Buddy	0	0
BUD-34-DRS	SA/GR		2023-04-12	yes	Buddy	0	0
BUD-34-MGE	SA/GR		2023-04-12	yes	Buddy	0	0
BUD-35-DRS	SA		2023-04-13	yes	Buddy	0	0
BUD-35-MGE	SA		2023-04-13	yes	Buddy	0	0
BUD-36-MGE	SA/GR		2023-04-14	yes	Buddy	1	0
BUD-37-MGE	SA		2023-04-15	yes	Buddy	0	0
BUD-38-MGE	SA		2023-04-16	yes	Buddy	0	0
BUD-39-MGE	SA/GR		2023-04-17	yes	Buddy	0	0
BUD-4-DRS	SA		2023-03-13	yes	Buddy	0	0
BUD-4-MGE	SA		2023-03-13	yes	Buddy	0	0
BUD-41-DRS	SA		2023-04-19	yes	Buddy	1	0
BUD-41-MGE	SA		2023-04-19	yes	Buddy	1	0
BUD-42-DRS	SA		2023-04-20	yes	Buddy	0	0
BUD-42-MGE	SA		2023-04-20	no		0	0
BUD-43-DRS	SA/GR		2023-04-21	yes	Buddy	1	0
BUD-43-MGE	SA/GR		2023-04-21	yes	Buddy	1	0
BUD-44-DRS	SA		2023-04-22	yes	Buddy	0	0
BUD-44-MGE	SA		2023-04-22	yes	Buddy	1	1
BUD-45-DRS	SA		2023-04-23	yes	Buddy	0	0
BUD-45-MGE	SA		2023-04-23	yes	Buddy	1	0
BUD-46-DRS	SA/GR		2023-04-24	yes	Buddy	1	0
BUD-46-MGE	SA/GR		2023-04-24	yes	Buddy	1	1
BUD-47-DRS	SA		2023-04-25	yes	Buddy	0	0
BUD-47-MGE	SA		2023-04-25	yes	Buddy	0	0
BUD-48-DRS	SA/GR		2023-04-26	yes	Buddy	1	0
BUD-48-MGE	SA/GR		2023-04-26	yes	Buddy	1	1
BUD-49-DRS	SA		2023-04-27	yes	Buddy	0	0
BUD-49-MGE	SA		2023-04-27	yes	Buddy	1	0
BUD-50-DRS	SA/GR		2023-04-28	yes	Buddy	1	0
BUD-50-MGE	SA/GR		2023-04-28	yes	Buddy	1	1
BUD-51-DRS	SA		2023-04-29	yes	Buddy	0	0
BUD-51-MGE	SA		2023-04-29	yes	Buddy	0	0
BUD-52-DRS	SA		2023-04-30	yes	Buddy	0	0
BUD-52-MGE	SA		2023-04-30	yes	Buddy	1	0
BUD-53-DRS	SA/GR		2023-05-01	yes	Buddy	0	0
BUD-53-MGE	SA/GR		2023-05-01	yes	Buddy	0	0
BUD-54-DRS	SA		2023-05-02	yes	Buddy	0	0
BUD-54-MGE	SA		2023-05-02	yes	Buddy	0	0
BUD-55-DRS	SA/GR		2023-05-03	yes	Buddy	0	0
BUD-55-MGE	SA/GR		2023-05-03	yes	Buddy	0	0
BUD-56-DRS	SA		2023-05-04	yes	Buddy	1	0
BUD-56-MGE	SA		2023-05-04	yes	Buddy	1	1
BUD-57-DRS	SA		2023-05-05	yes	Buddy	1	0
BUD-57-MGE	SA		2023-05-05	yes	Buddy	1	1
BUD-58-DRS	SA		2023-05-06	yes	Buddy	0	0
BUD-58-MGE	SA		2023-05-06	yes	Buddy	0	0
BUD-59-DRS	SA		2023-05-07	yes	Buddy	0	0
BUD-59-MGE	SA		2023-05-07	yes	Buddy	0	0
BUD-60-DRS	SA/GR		2023-05-08	yes	Buddy	0	0
BUD-60-MGE	SA/GR		2023-05-08	yes	Buddy	0	0
BUD-61-DRS	SA		2023-05-09	yes	Buddy	0	0
BUD-61-MGE	SA		2023-05-09	yes	Buddy	0	0
BUD-62-DRS	SA		2023-05-10	yes	Buddy	0	0
BUD-62-MGE	SA		2023-05-10	yes	Buddy	0	0
BUD-65-DRS	SA		2023-05-13	yes	Buddy	0	0
BUD-65-MGE	SA		2023-05-13	yes	Buddy	0	0
BUD-66-DRS	SA		2023-05-14	yes	Buddy	1	0
BUD-66-MGE	SA		2023-05-14	yes	Buddy	1	0
BUD-69-DRS	SA/GR		2023-05-17	yes	Buddy	1	0
BUD-69-MGE	SA/GR		2023-05-17	yes	Buddy	1	0
BUD-7-DRS	SA		2023-03-16	yes	Buddy	0	0
BUD-7-MGE	SA		2023-03-16	yes	Buddy	0	0
BUD-70-DRS	SA		2023-05-18	yes	Buddy	1	0
BUD-70-MGE	SA		2023-05-18	yes	Buddy	1	0
BUD-9-DRS	SA		2023-03-18	yes	Buddy	0	0
BUD-9-MGE	SA		2023-03-18	yes	Buddy	0	0
CHA-17-DRS	SA		2023-03-26	yes	Charles	1	0
CHA-17-MGE	SA		2023-03-26	yes	Charles	1	0
CHA-20-DRS	SA		2023-03-29	yes	Charles	0	0
CHA-20-MGE	SA		2023-03-29	yes	Charles	1	0
CHA-30-DRS	SA		2023-04-08	yes	Charles	0	0
CHA-30-MGE	SA		2023-04-08	yes	Charles	0	0
CHA-31-DRS	SA	See notes on Notion for Room F	2023-04-09	yes	Charles	0	0
CHA-31-MGE	SA	See notes on Notion for Room F	2023-04-09	yes	Charles	0	0
CHA-32-DRS	SA/GR		2023-04-10	yes	Charles	0	0
CHA-32-MGE	SA/GR		2023-04-10	yes	Charles	0	0
CHA-33-DRS	SA		2023-04-11	yes	Charles	0	0
CHA-33-MGE	SA		2023-04-11	yes	Charles	0	0
CHA-34-DRS	SA/GR		2023-04-12	yes	Charles	0	0
CHA-34-MGE	SA/GR		2023-04-12	yes	Charles	0	0
CHA-35-DRS	SA		2023-04-13	yes	Charles	0	0
CHA-35-MGE	SA		2023-04-13	yes	Charles	0	0
CHA-36-MGE	SA/GR		2023-04-14	yes	Charles	1	0
CHA-37-MGE	SA		2023-04-15	yes	Charles	0	0
CHA-38-MGE	SA		2023-04-16	yes	Charles	0	0
CHA-39-MGE	SA/GR		2023-04-17	yes	Charles	0	0
CHA-41-DRS	SA		2023-04-19	yes	Charles	1	1
CHA-41-MGE	SA		2023-04-19	yes	Charles	1	0
CHA-43-DRS	SA/GR		2023-04-21	yes	Charles	1	0
CHA-43-MGE	SA/GR		2023-04-21	yes	Charles	1	0
CHA-44-DRS	SA		2023-04-22	yes	Charles	1	0
CHA-44-MGE	SA		2023-04-22	yes	Charles	1	1
CHA-45-DRS	SA		2023-04-23	yes	Charles	1	0
CHA-45-MGE	SA		2023-04-23	yes	Charles	1	0
CHA-46-DRS	SA/GR		2023-04-24	yes	Charles	0	0
CHA-46-MGE	SA/GR		2023-04-24	yes	Charles	1	1
CHA-47-DRS	SA		2023-04-25	yes	Charles	1	0
CHA-47-MGE	SA		2023-04-25	yes	Charles	1	0
CHA-48-DRS	SA/GR		2023-04-26	yes	Charles	0	0
CHA-48-MGE	SA/GR		2023-04-26	yes	Charles	1	0
CHA-49-DRS	SA		2023-04-27	yes	Charles	1	0
CHA-49-MGE	SA		2023-04-27	yes	Charles	1	1
CHA-50-DRS	SA/GR		2023-04-28	yes	Charles	1	0
CHA-50-MGE	SA/GR		2023-04-28	yes	Charles	1	1
CHA-51-DRS	SA		2023-04-29	yes	Charles	1	0
CHA-51-MGE	SA		2023-04-29	yes	Charles	1	1
CHA-52-DRS	SA		2023-04-30	yes	Charles	0	0
CHA-52-MGE	SA		2023-04-30	yes	Charles	1	0
CHA-53-DRS	SA/GR		2023-05-01	yes	Charles	0	0
CHA-53-MGE	SA/GR		2023-05-01	yes	Charles	1	0
CHA-54-DRS	SA		2023-05-02	yes	Charles	0	0
CHA-54-MGE	SA		2023-05-02	yes	Charles	0	0
CHA-55-DRS	SA/GR		2023-05-03	yes	Charles	0	0
CHA-55-MGE	SA/GR		2023-05-03	yes	Charles	1	0
CHA-56-DRS	SA		2023-05-04	yes	Charles	0	0
CHA-56-MGE	SA		2023-05-04	yes	Charles	0	0
CHA-57-DRS	SA		2023-05-05	yes	Charles	1	1
CHA-57-MGE	SA		2023-05-05	yes	Charles	1	0
CHA-58-DRS	SA		2023-05-06	yes	Charles	0	0
CHA-58-MGE	SA		2023-05-06	yes	Charles	0	0
CHA-59-DRS	SA		2023-05-07	yes	Charles	1	0
CHA-59-MGE	SA		2023-05-07	yes	Charles	1	0
CHA-60-DRS	SA/GR		2023-05-08	yes	Charles	0	0
CHA-60-MGE	SA/GR		2023-05-08	yes	Charles	0	0
CHA-61-DRS	SA		2023-05-09	yes	Charles	0	0
CHA-61-MGE	SA		2023-05-09	yes	Charles	0	0
CHA-62-DRS	SA		2023-05-10	yes	Charles	0	0
CHA-62-MGE	SA		2023-05-10	yes	Charles	0	0
CHA-64-DRS	SA/GR		2023-05-12	yes	Charles	0	0
CHA-64-MGE	SA/GR		2023-05-12	yes	Charles	0	0
CHA-66-DRS	SA		2023-05-14	yes	Charles	1	0
CHA-66-MGE	SA		2023-05-14	yes	Charles	1	0
CHA-67-DRS	SA/GR		2023-05-15	yes	Charles	0	0
CHA-67-MGE	SA/GR		2023-05-15	yes	Charles	0	0
CHA-68-DRS	SA		2023-05-16	yes	Charles	0	0
CHA-68-MGE	SA		2023-05-16	yes	Charles	0	0
CHA-69-DRS	SA/GR		2023-05-17	yes	Charles	0	0
CHA-69-MGE	SA/GR		2023-05-17	yes	Charles	1	0
CHA-7-DRS	SA		2023-03-16	yes	Charles	1	0
CHA-7-MGE	SA		2023-03-16	yes	Charles	1	0
CHA-70-DRS	SA		2023-05-18	yes	Charles	1	0
CHA-70-MGE	SA		2023-05-18	yes	Charles	1	0
CHA-9-DRS	SA		2023-03-18	yes	Charles	0	0
CHA-9-MGE	SA		2023-03-18	yes	Charles	1	1
FRA-11-DRS	SA		2023-03-20	yes	Franc	0	0
FRA-11-MGE	SA		2023-03-20	yes	Franc	0	0
FRA-17-DRS	SA		2023-03-26	yes	Franc	3	0
FRA-17-MGE	SA		2023-03-26	yes	Franc	3	0
FRA-19-DRS	SA		2023-03-28	yes	Franc	0	0
FRA-19-MGE	SA		2023-03-28	yes	Franc	1	0
FRA-22-DRS	SA/GR		2023-03-31	yes	Franc	0	0
FRA-22-MGE	SA/GR		2023-03-31	yes	Franc	1	1
FRA-24-DRS	SA		2023-04-02	yes	Franc	0	0
FRA-24-MGE	SA		2023-04-02	yes	Franc	1	0
FRA-25-DRS	SA/GR		2023-04-03	yes	Franc	0	0
FRA-25-MGE	SA/GR		2023-04-03	yes	Franc	0	0
FRA-27-DRS	SA/GR		2023-04-05	yes	Franc	0	0
FRA-27-MGE	SA/GR		2023-04-05	yes	Franc	0	0
FRA-29-DRS	SA/GR		2023-04-07	yes	Franc	0	0
FRA-29-MGE	SA/GR		2023-04-07	yes	Franc	0	0
FRA-3-DRS	SA		2023-03-12	yes	Franc	0	0
FRA-3-MGE	SA		2023-03-12	yes	Franc	0	0
FRA-30-DRS	SA		2023-04-08	yes	Franc	0	0
FRA-30-MGE	SA		2023-04-08	yes	Franc	0	0
FRA-31-DRS	SA	See notes on Notion for Room F	2023-04-09	yes	Franc	0	0
FRA-31-MGE	SA	See notes on Notion for Room F	2023-04-09	yes	Franc	0	0
FRA-32-DRS	SA/GR		2023-04-10	yes	Franc	0	0
FRA-32-MGE	SA/GR		2023-04-10	yes	Franc	0	0
FRA-34-DRS	SA/GR		2023-04-12	yes	Franc	0	0
FRA-34-MGE	SA/GR		2023-04-12	yes	Franc	0	0
FRA-35-DRS	SA		2023-04-13	yes	Franc	0	0
FRA-35-MGE	SA		2023-04-13	yes	Franc	0	0
FRA-36-MGE	SA/GR		2023-04-14	yes	Franc	1	0
FRA-37-MGE	SA		2023-04-15	yes	Franc	1	0
FRA-38-MGE	SA		2023-04-16	yes	Franc	0	0
FRA-39-MGE	SA/GR		2023-04-17	yes	Franc	0	0
FRA-4-DRS	SA		2023-03-13	yes	Franc	0	0
FRA-4-MGE	SA		2023-03-13	yes	Franc	0	0
FRA-41-DRS	SA		2023-04-19	yes	Franc	1	0
FRA-41-MGE	SA		2023-04-19	yes	Franc	1	0
FRA-42-DRS	SA		2023-04-20	yes	Franc	0	0
FRA-42-MGE	SA		2023-04-20	no		1	0
FRA-43-DRS	SA/GR		2023-04-21	yes	Franc	1	0
FRA-43-MGE	SA/GR		2023-04-21	yes	Franc	1	0
FRA-44-DRS	SA		2023-04-22	yes	Franc	1	1
FRA-44-MGE	SA		2023-04-22	yes	Franc	1	0
FRA-45-DRS	SA		2023-04-23	yes	Franc	1	1
FRA-45-MGE	SA		2023-04-23	yes	Franc	1	0
FRA-46-DRS	SA/GR		2023-04-24	yes	Franc	1	0
FRA-46-MGE	SA/GR		2023-04-24	yes	Franc	1	0
FRA-47-DRS	SA		2023-04-25	yes	Franc	0	0
FRA-47-MGE	SA		2023-04-25	yes	Franc	1	1
FRA-48-DRS	SA/GR		2023-04-26	yes	Franc	1	0
FRA-48-MGE	SA/GR		2023-04-26	yes	Franc	1	1
FRA-49-DRS	SA		2023-04-27	yes	Franc	1	0
FRA-49-MGE	SA		2023-04-27	yes	Franc	1	1
FRA-50-DRS	SA/GR		2023-04-28	yes	Franc	0	0
FRA-50-MGE	SA/GR		2023-04-28	yes	Franc	1	0
FRA-51-DRS	SA		2023-04-29	yes	Franc	0	0
FRA-51-MGE	SA		2023-04-29	yes	Franc	1	0
FRA-52-DRS	SA		2023-04-30	yes	Franc	0	0
FRA-52-MGE	SA		2023-04-30	yes	Franc	0	0
FRA-53-DRS	SA/GR		2023-05-01	yes	Franc	0	0
FRA-53-MGE	SA/GR		2023-05-01	yes	Franc	1	0
FRA-54-DRS	SA		2023-05-02	yes	Franc	0	0
FRA-54-MGE	SA		2023-05-02	yes	Franc	0	0
FRA-55-DRS	SA/GR		2023-05-03	yes	Franc	0	0
FRA-55-MGE	SA/GR		2023-05-03	yes	Franc	0	0
FRA-56-DRS	SA		2023-05-04	yes	Franc	1	0
FRA-56-MGE	SA		2023-05-04	yes	Franc	1	1
FRA-57-DRS	SA		2023-05-05	yes	Franc	1	0
FRA-57-MGE	SA		2023-05-05	yes	Franc	1	0
FRA-58-DRS	SA		2023-05-06	yes	Franc	0	0
FRA-58-MGE	SA		2023-05-06	yes	Franc	0	0
FRA-59-DRS	SA		2023-05-07	yes	Franc	0	0
FRA-59-MGE	SA		2023-05-07	yes	Franc	0	0
FRA-60-DRS	SA/GR		2023-05-08	yes	Franc	0	0
FRA-60-MGE	SA/GR		2023-05-08	yes	Franc	0	0
FRA-61-DRS	SA		2023-05-09	yes	Franc	0	0
FRA-61-MGE	SA		2023-05-09	yes	Franc	0	0
FRA-62-DRS	SA		2023-05-10	yes	Franc	0	0
FRA-62-MGE	SA		2023-05-10	yes	Franc	0	0
FRA-64-DRS	SA/GR		2023-05-12	yes	Franc	0	0
FRA-64-MGE	SA/GR		2023-05-12	yes	Franc	0	0
FRA-65-DRS	SA		2023-05-13	yes	Franc	0	0
FRA-65-MGE	SA		2023-05-13	yes	Franc	0	0
FRA-66-DRS	SA		2023-05-14	yes	Franc	2	0
FRA-66-MGE	SA		2023-05-14	yes	Franc	2	0
FRA-67-DRS	SA/GR		2023-05-15	yes	Franc	1	0
FRA-67-MGE	SA/GR		2023-05-15	yes	Franc	1	0
FRA-68-DRS	SA		2023-05-16	yes	Franc	0	0
FRA-68-MGE	SA		2023-05-16	yes	Franc	1	1
FRA-69-DRS	SA/GR		2023-05-17	yes	Franc	0	0
FRA-69-MGE	SA/GR		2023-05-17	yes	Franc	0	0
FRA-7-DRS	SA		2023-03-16	yes	Franc	0	0
FRA-7-MGE	SA		2023-03-16	yes	Franc	0	0
FRA-70-DRS	SA		2023-05-18	yes	Franc	1	0
FRA-70-MGE	SA		2023-05-18	yes	Franc	1	0
FRA-9-DRS	SA		2023-03-18	yes	Franc	1	0
FRA-9-MGE	SA		2023-03-18	yes	Franc	1	1
GIN-1-DRS	SA		2023-03-10	yes	Ginger	1	0
GIN-1-MGE	SA		2023-03-10	yes	Ginger	1	0
GIN-14-DRS	SA/GR		2023-03-23	yes	Ginger	1	0
GIN-14-MGE	SA/GR		2023-03-23	yes	Ginger	1	1
GIN-17-DRS	SA		2023-03-26	yes	Ginger	0	0
GIN-17-MGE	SA		2023-03-26	yes	Ginger	0	0
GIN-18-DRS	SA/GR		2023-03-27	yes	Ginger	0	0
GIN-18-MGE	SA/GR		2023-03-27	yes	Ginger	1	0
GIN-2-DRS	SA		2023-03-11	yes	Ginger	1	0
GIN-2-MGE	SA		2023-03-11	yes	Ginger	1	1
GIN-20-DRS	SA		2023-03-29	yes	Ginger	0	0
GIN-20-MGE	SA		2023-03-29	yes	Ginger	1	0
GIN-22-DRS	SA/GR		2023-03-31	yes	Ginger	0	0
GIN-22-MGE	SA/GR		2023-03-31	yes	Ginger	0	0
GIN-24-DRS	SA		2023-04-02	yes	Ginger	0	0
GIN-24-MGE	SA		2023-04-02	yes	Ginger	1	0
GIN-25-DRS	SA/GR		2023-04-03	yes	Ginger	0	0
GIN-25-MGE	SA/GR		2023-04-03	yes	Ginger	0	0
GIN-27-DRS	SA/GR		2023-04-05	yes	Ginger	1	0
GIN-27-MGE	SA/GR		2023-04-05	yes	Ginger	1	1
GIN-29-DRS	SA/GR		2023-04-07	yes	Ginger	1	0
GIN-29-MGE	SA/GR		2023-04-07	yes	Ginger	1	1
GIN-3-DRS	SA		2023-03-12	yes	Ginger	0	0
GIN-3-MGE	SA		2023-03-12	yes	Ginger	0	0
GIN-30-DRS	SA		2023-04-08	yes	Ginger	0	0
GIN-30-MGE	SA		2023-04-08	yes	Ginger	0	0
GIN-31-DRS	SA	See notes on Notion for Room F	2023-04-09	yes	Ginger	0	0
GIN-31-MGE	SA	See notes on Notion for Room F	2023-04-09	yes	Ginger	0	0
GIN-32-DRS	SA/GR		2023-04-10	yes	Ginger	0	0
GIN-32-MGE	SA/GR		2023-04-10	yes	Ginger	0	0
GIN-34-DRS	SA/GR		2023-04-12	yes	Ginger	0	0
GIN-34-MGE	SA/GR		2023-04-12	yes	Ginger	0	0
GIN-35-DRS	SA		2023-04-13	yes	Ginger	0	0
GIN-35-MGE	SA		2023-04-13	yes	Ginger	0	0
GIN-36-MGE	SA/GR		2023-04-14	yes	Ginger	1	0
GIN-37-MGE	SA		2023-04-15	yes	Ginger	0	0
GIN-38-MGE	SA		2023-04-16	yes	Ginger	0	0
GIN-39-MGE	SA/GR		2023-04-17	yes	Ginger	0	0
GIN-4-DRS	SA		2023-03-13	yes	Ginger	0	0
GIN-4-MGE	SA		2023-03-13	yes	Ginger	0	0
GIN-41-DRS	SA		2023-04-19	yes	Ginger	0	0
GIN-41-MGE	SA		2023-04-19	yes	Ginger	1	0
GIN-42-DRS	SA		2023-04-20	yes	Ginger	0	0
GIN-42-MGE	SA		2023-04-20	no		1	0
GIN-43-DRS	SA/GR		2023-04-21	yes	Ginger	1	1
GIN-43-MGE	SA/GR		2023-04-21	yes	Ginger	1	0
GIN-44-DRS	SA		2023-04-22	yes	Ginger	0	0
GIN-44-MGE	SA		2023-04-22	yes	Ginger	1	0
GIN-45-DRS	SA		2023-04-23	yes	Ginger	0	0
GIN-45-MGE	SA		2023-04-23	yes	Ginger	0	0
GIN-46-DRS	SA/GR		2023-04-24	yes	Ginger	0	0
GIN-46-MGE	SA/GR		2023-04-24	yes	Ginger	1	1
GIN-47-DRS	SA		2023-04-25	yes	Ginger	0	0
GIN-47-MGE	SA		2023-04-25	yes	Ginger	1	1
GIN-48-DRS	SA/GR		2023-04-26	yes	Ginger	0	0
GIN-48-MGE	SA/GR		2023-04-26	yes	Ginger	0	0
GIN-49-DRS	SA		2023-04-27	yes	Ginger	1	0
GIN-49-MGE	SA		2023-04-27	yes	Ginger	1	1
GIN-50-DRS	SA/GR		2023-04-28	yes	Ginger	0	0
GIN-50-MGE	SA/GR		2023-04-28	yes	Ginger	1	1
GIN-51-DRS	SA		2023-04-29	yes	Ginger	0	0
GIN-51-MGE	SA		2023-04-29	yes	Ginger	0	0
GIN-52-DRS	SA		2023-04-30	yes	Ginger	0	0
GIN-52-MGE	SA		2023-04-30	yes	Ginger	1	0
GIN-53-DRS	SA/GR		2023-05-01	yes	Ginger	0	0
GIN-53-MGE	SA/GR		2023-05-01	yes	Ginger	0	0
GIN-54-DRS	SA		2023-05-02	yes	Ginger	0	0
GIN-54-MGE	SA		2023-05-02	yes	Ginger	0	0
GIN-55-DRS	SA/GR		2023-05-03	yes	Ginger	1	1
GIN-55-MGE	SA/GR		2023-05-03	yes	Ginger	1	1
GIN-56-DRS	SA		2023-05-04	yes	Ginger	0	0
GIN-56-MGE	SA		2023-05-04	yes	Ginger	0	0
GIN-57-DRS	SA		2023-05-05	yes	Ginger	1	0
GIN-57-MGE	SA		2023-05-05	yes	Ginger	1	0
GIN-58-DRS	SA		2023-05-06	yes	Ginger	0	0
GIN-58-MGE	SA		2023-05-06	yes	Ginger	1	1
GIN-59-DRS	SA		2023-05-07	yes	Ginger	0	0
GIN-59-MGE	SA		2023-05-07	yes	Ginger	0	0
GIN-60-DRS	SA/GR		2023-05-08	yes	Ginger	0	0
GIN-60-MGE	SA/GR		2023-05-08	yes	Ginger	0	0
GIN-61-DRS	SA		2023-05-09	yes	Ginger	0	0
GIN-61-MGE	SA		2023-05-09	yes	Ginger	0	0
GIN-62-DRS	SA		2023-05-10	yes	Ginger	0	0
GIN-62-MGE	SA		2023-05-10	yes	Ginger	0	0
GIN-64-DRS	SA/GR		2023-05-12	yes	Ginger	0	0
GIN-64-MGE	SA/GR		2023-05-12	yes	Ginger	0	0
GIN-65-DRS	SA		2023-05-13	yes	Ginger	0	0
GIN-65-MGE	SA		2023-05-13	yes	Ginger	0	0
GIN-66-DRS	SA		2023-05-14	yes	Ginger	1	1
GIN-66-MGE	SA		2023-05-14	yes	Ginger	1	0
GIN-67-DRS	SA/GR		2023-05-15	yes	Ginger	0	0
GIN-67-MGE	SA/GR		2023-05-15	yes	Ginger	0	0
GIN-68-DRS	SA		2023-05-16	yes	Ginger	0	0
GIN-68-MGE	SA		2023-05-16	yes	Ginger	0	0
GIN-69-DRS	SA/GR		2023-05-17	yes	Ginger	1	0
GIN-69-MGE	SA/GR		2023-05-17	yes	Ginger	1	0
GIN-7-DRS	SA		2023-03-16	yes	Ginger	1	1
GIN-7-MGE	SA		2023-03-16	yes	Ginger	1	1
GIN-70-DRS	SA		2023-05-18	yes	Ginger	2	0
GIN-70-MGE	SA		2023-05-18	yes	Ginger	2	0
GIN-9-DRS	SA		2023-03-18	yes	Ginger	0	0
GIN-9-MGE	SA		2023-03-18	yes	Ginger	0	0
GOO-1-DRS	SA		2023-03-10	yes	Goose	2	0
GOO-1-MGE	SA		2023-03-10	yes	Goose	2	0
GOO-11-DRS	SA		2023-03-20	yes	Goose	0	0
GOO-11-MGE	SA		2023-03-20	yes	Goose	0	0
GOO-17-DRS	SA		2023-03-26	yes	Goose	1	0
GOO-17-MGE	SA		2023-03-26	yes	Goose	1	0
GOO-2-DRS	SA		2023-03-11	yes	Goose	1	0
GOO-2-MGE	SA		2023-03-11	yes	Goose	1	0
GOO-20-DRS	SA		2023-03-29	yes	Goose	0	0
GOO-20-MGE	SA		2023-03-29	yes	Goose	1	0
GOO-22-DRS	SA/GR		2023-03-31	yes	Goose	0	0
GOO-22-MGE	SA/GR		2023-03-31	yes	Goose	1	0
GOO-24-DRS	SA		2023-04-02	yes	Goose	0	0
GOO-24-MGE	SA		2023-04-02	yes	Goose	1	0
GOO-25-DRS	SA/GR		2023-04-03	yes	Goose	0	0
GOO-25-MGE	SA/GR		2023-04-03	yes	Goose	0	0
GOO-27-DRS	SA/GR		2023-04-05	yes	Goose	0	0
GOO-27-MGE	SA/GR		2023-04-05	yes	Goose	0	0
GOO-29-DRS	SA/GR		2023-04-07	yes	Goose	0	0
GOO-29-MGE	SA/GR		2023-04-07	yes	Goose	0	0
GOO-3-DRS	SA		2023-03-12	yes	Goose	0	0
GOO-3-MGE	SA		2023-03-12	yes	Goose	0	0
GOO-30-DRS	SA		2023-04-08	yes	Goose	0	0
GOO-30-MGE	SA		2023-04-08	yes	Goose	0	0
GOO-31-DRS	SA	See notes on Notion for Room F	2023-04-09	yes	Goose	0	0
GOO-31-MGE	SA	See notes on Notion for Room F	2023-04-09	yes	Goose	0	0
GOO-32-DRS	SA/GR		2023-04-10	yes	Goose	0	0
GOO-32-MGE	SA/GR		2023-04-10	yes	Goose	0	0
GOO-33-DRS	SA		2023-04-11	yes	Goose	0	0
GOO-33-MGE	SA		2023-04-11	yes	Goose	0	0
GOO-34-DRS	SA/GR		2023-04-12	yes	Goose	0	0
GOO-34-MGE	SA/GR		2023-04-12	yes	Goose	0	0
GOO-35-DRS	SA		2023-04-13	yes	Goose	0	0
GOO-35-MGE	SA		2023-04-13	yes	Goose	0	0
GOO-36-MGE	SA/GR		2023-04-14	yes	Goose	1	0
GOO-37-MGE	SA		2023-04-15	yes	Goose	1	1
GOO-38-MGE	SA		2023-04-16	yes	Goose	0	0
GOO-39-MGE	SA/GR		2023-04-17	yes	Goose	0	0
GOO-4-DRS	SA		2023-03-13	yes	Goose	1	2
GOO-4-MGE	SA		2023-03-13	yes	Goose	1	2
GOO-41-DRS	SA		2023-04-19	yes	Goose	1	0
GOO-41-MGE	SA		2023-04-19	yes	Goose	1	0
GOO-42-DRS	SA		2023-04-20	yes	Goose	1	0
GOO-42-MGE	SA		2023-04-20	no		1	1
GOO-43-DRS	SA/GR		2023-04-21	yes	Goose	2	0
GOO-43-MGE	SA/GR		2023-04-21	yes	Goose	2	0
GOO-44-DRS	SA		2023-04-22	yes	Goose	1	0
GOO-44-MGE	SA		2023-04-22	yes	Goose	1	1
GOO-45-DRS	SA		2023-04-23	yes	Goose	0	0
GOO-45-MGE	SA		2023-04-23	yes	Goose	0	0
GOO-46-DRS	SA/GR		2023-04-24	yes	Goose	1	1
GOO-46-MGE	SA/GR		2023-04-24	yes	Goose	1	0
GOO-48-DRS	SA/GR		2023-04-26	yes	Goose	0	0
GOO-48-MGE	SA/GR		2023-04-26	yes	Goose	0	0
GOO-49-DRS	SA		2023-04-27	yes	Goose	0	0
GOO-49-MGE	SA		2023-04-27	yes	Goose	0	0
GOO-50-DRS	SA/GR		2023-04-28	yes	Goose	0	0
GOO-50-MGE	SA/GR		2023-04-28	yes	Goose	0	0
GOO-51-DRS	SA		2023-04-29	yes	Goose	0	0
GOO-51-MGE	SA		2023-04-29	yes	Goose	0	0
GOO-52-DRS	SA		2023-04-30	yes	Goose	0	0
GOO-52-MGE	SA		2023-04-30	yes	Goose	1	0
GOO-53-DRS	SA/GR		2023-05-01	yes	Goose	0	0
GOO-53-MGE	SA/GR		2023-05-01	yes	Goose	0	0
GOO-55-DRS	SA/GR		2023-05-03	yes	Goose	0	0
GOO-55-MGE	SA/GR		2023-05-03	yes	Goose	0	0
GOO-56-DRS	SA		2023-05-04	yes	Goose	0	0
GOO-56-MGE	SA		2023-05-04	yes	Goose	0	0
GOO-57-DRS	SA		2023-05-05	yes	Goose	1	0
GOO-57-MGE	SA		2023-05-05	yes	Goose	1	0
GOO-58-DRS	SA		2023-05-06	yes	Goose	1	0
GOO-58-MGE	SA		2023-05-06	yes	Goose	1	1
GOO-59-DRS	SA		2023-05-07	yes	Goose	0	0
GOO-59-MGE	SA		2023-05-07	yes	Goose	1	1
GOO-60-DRS	SA/GR		2023-05-08	yes	Goose	0	0
GOO-60-MGE	SA/GR		2023-05-08	yes	Goose	1	0
GOO-61-DRS	SA		2023-05-09	yes	Goose	0	0
GOO-61-MGE	SA		2023-05-09	yes	Goose	0	0
GOO-62-DRS	SA		2023-05-10	yes	Goose	0	0
GOO-62-MGE	SA		2023-05-10	yes	Goose	0	0
GOO-64-DRS	SA/GR		2023-05-12	yes	Goose	0	0
GOO-64-MGE	SA/GR		2023-05-12	yes	Goose	0	0
GOO-65-DRS	SA		2023-05-13	yes	Goose	0	0
GOO-65-MGE	SA		2023-05-13	yes	Goose	0	0
GOO-66-DRS	SA		2023-05-14	yes	Goose	1	0
GOO-66-MGE	SA		2023-05-14	yes	Goose	1	0
GOO-67-DRS	SA/GR		2023-05-15	yes	Goose	0	0
GOO-67-MGE	SA/GR		2023-05-15	yes	Goose	0	0
GOO-68-DRS	SA		2023-05-16	yes	Goose	0	0
GOO-68-MGE	SA		2023-05-16	yes	Goose	0	0
GOO-69-DRS	SA/GR		2023-05-17	yes	Goose	0	0
GOO-69-MGE	SA/GR		2023-05-17	yes	Goose	0	0
GOO-7-DRS	SA		2023-03-16	yes	Goose	0	0
GOO-7-MGE	SA		2023-03-16	yes	Goose	0	0
GOO-70-DRS	SA		2023-05-18	yes	Goose	1	0
GOO-70-MGE	SA		2023-05-18	yes	Goose	1	0
GOO-9-DRS	SA		2023-03-18	yes	Goose	0	0
GOO-9-MGE	SA		2023-03-18	yes	Goose	0	0
GRO-17-DRS	SA		2023-03-26	yes	Grogu	0	0
GRO-17-MGE	SA		2023-03-26	yes	Grogu	0	0
GRO-18-DRS	SA/GR		2023-03-27	yes	Grogu	0	0
GRO-18-MGE	SA/GR		2023-03-27	yes	Grogu	1	0
GRO-22-DRS	SA/GR		2023-03-31	yes	Grogu	0	0
GRO-22-MGE	SA/GR		2023-03-31	yes	Grogu	1	1
GRO-24-DRS	SA		2023-04-02	yes	Grogu	0	0
GRO-24-MGE	SA		2023-04-02	yes	Grogu	1	1
GRO-25-DRS	SA/GR		2023-04-03	yes	Grogu	0	0
GRO-25-MGE	SA/GR		2023-04-03	yes	Grogu	0	0
GRO-27-DRS	SA/GR		2023-04-05	yes	Grogu	0	0
GRO-27-MGE	SA/GR		2023-04-05	yes	Grogu	0	0
GRO-28-DRS	SA		2023-04-06	yes	Grogu	0	0
GRO-28-MGE	SA		2023-04-06	yes	Grogu	0	0
GRO-29-DRS	SA/GR		2023-04-07	yes	Grogu	0	0
GRO-29-MGE	SA/GR		2023-04-07	yes	Grogu	0	0
GRO-3-DRS	SA		2023-03-12	yes	Grogu	0	0
GRO-3-MGE	SA		2023-03-12	yes	Grogu	0	0
GRO-30-DRS	SA		2023-04-08	yes	Grogu	0	0
GRO-30-MGE	SA		2023-04-08	yes	Grogu	0	0
GRO-31-DRS	SA	See notes on Notion for Room F	2023-04-09	yes	Grogu	0	0
GRO-31-MGE	SA	See notes on Notion for Room F	2023-04-09	yes	Grogu	0	0
GRO-32-DRS	SA/GR		2023-04-10	yes	Grogu	0	0
GRO-32-MGE	SA/GR		2023-04-10	yes	Grogu	0	0
GRO-34-DRS	SA/GR		2023-04-12	yes	Grogu	0	0
GRO-34-MGE	SA/GR		2023-04-12	yes	Grogu	0	0
GRO-35-DRS	SA		2023-04-13	yes	Grogu	0	0
GRO-35-MGE	SA		2023-04-13	yes	Grogu	0	0
GRO-36-MGE	SA/GR		2023-04-14	yes	Grogu	1	2
GRO-37-MGE	SA		2023-04-15	yes	Grogu	1	1
GRO-38-MGE	SA		2023-04-16	yes	Grogu	0	0
GRO-39-MGE	SA/GR		2023-04-17	yes	Grogu	0	0
GRO-41-DRS	SA		2023-04-19	yes	Grogu	1	1
GRO-41-MGE	SA		2023-04-19	yes	Grogu	1	2
GRO-42-DRS	SA		2023-04-20	yes	Grogu	0	0
GRO-42-MGE	SA		2023-04-20	no		1	0
GRO-43-DRS	SA/GR		2023-04-21	yes	Grogu	1	0
GRO-43-MGE	SA/GR		2023-04-21	yes	Grogu	1	0
GRO-44-DRS	SA		2023-04-22	yes	Grogu	1	1
GRO-44-MGE	SA		2023-04-22	yes	Grogu	1	0
GRO-45-DRS	SA		2023-04-23	yes	Grogu	1	0
GRO-45-MGE	SA		2023-04-23	yes	Grogu	1	1
GRO-46-DRS	SA/GR		2023-04-24	yes	Grogu	1	1
GRO-46-MGE	SA/GR		2023-04-24	yes	Grogu	1	1
GRO-47-DRS	SA		2023-04-25	yes	Grogu	0	0
GRO-47-MGE	SA		2023-04-25	yes	Grogu	1	0
GRO-48-DRS	SA/GR		2023-04-26	yes	Grogu	1	0
GRO-48-MGE	SA/GR		2023-04-26	yes	Grogu	1	0
GRO-49-DRS	SA		2023-04-27	yes	Grogu	1	0
GRO-49-MGE	SA		2023-04-27	yes	Grogu	1	0
GRO-50-DRS	SA/GR		2023-04-28	yes	Grogu	0	0
GRO-50-MGE	SA/GR		2023-04-28	yes	Grogu	1	1
GRO-51-DRS	SA		2023-04-29	yes	Grogu	0	0
GRO-51-MGE	SA		2023-04-29	yes	Grogu	0	0
GRO-52-DRS	SA		2023-04-30	yes	Grogu	0	0
GRO-52-MGE	SA		2023-04-30	yes	Grogu	1	0
GRO-53-DRS	SA/GR		2023-05-01	yes	Grogu	0	0
GRO-53-MGE	SA/GR		2023-05-01	yes	Grogu	0	0
GRO-54-DRS	SA		2023-05-02	yes	Grogu	0	0
GRO-54-MGE	SA		2023-05-02	yes	Grogu	0	0
GRO-55-DRS	SA/GR		2023-05-03	yes	Grogu	0	0
GRO-55-MGE	SA/GR		2023-05-03	yes	Grogu	0	0
GRO-56-DRS	SA		2023-05-04	yes	Grogu	0	0
GRO-56-MGE	SA		2023-05-04	yes	Grogu	1	0
GRO-57-DRS	SA		2023-05-05	yes	Grogu	1	0
GRO-57-MGE	SA		2023-05-05	yes	Grogu	1	0
GRO-58-DRS	SA		2023-05-06	yes	Grogu	0	0
GRO-58-MGE	SA		2023-05-06	yes	Grogu	0	0
GRO-59-DRS	SA		2023-05-07	yes	Grogu	0	0
GRO-59-MGE	SA		2023-05-07	yes	Grogu	0	0
GRO-60-DRS	SA/GR		2023-05-08	yes	Grogu	0	0
GRO-60-MGE	SA/GR		2023-05-08	yes	Grogu	0	0
GRO-61-DRS	SA		2023-05-09	yes	Grogu	0	0
GRO-61-MGE	SA		2023-05-09	yes	Grogu	0	0
GRO-62-DRS	SA		2023-05-10	yes	Grogu	0	0
GRO-62-MGE	SA		2023-05-10	yes	Grogu	0	0
GRO-64-DRS	SA/GR		2023-05-12	yes	Grogu	0	0
GRO-64-MGE	SA/GR		2023-05-12	yes	Grogu	0	0
GRO-65-DRS	SA		2023-05-13	yes	Grogu	0	0
GRO-65-MGE	SA		2023-05-13	yes	Grogu	0	0
GRO-66-DRS	SA		2023-05-14	yes	Grogu	1	0
GRO-66-MGE	SA		2023-05-14	yes	Grogu	1	0
GRO-67-DRS	SA/GR		2023-05-15	yes	Grogu	0	0
GRO-67-MGE	SA/GR		2023-05-15	yes	Grogu	0	0
GRO-68-DRS	SA		2023-05-16	yes	Grogu	0	0
GRO-68-MGE	SA		2023-05-16	yes	Grogu	0	0
GRO-69-DRS	SA/GR		2023-05-17	yes	Grogu	0	0
GRO-69-MGE	SA/GR		2023-05-17	yes	Grogu	0	0
GRO-7-DRS	SA		2023-03-16	yes	Grogu	0	0
GRO-7-MGE	SA		2023-03-16	yes	Grogu	0	0
GRO-70-DRS	SA		2023-05-18	yes	Grogu	1	2
GRO-70-MGE	SA		2023-05-18	yes	Grogu	1	0
GRO-9-DRS	SA		2023-03-18	yes	Grogu	0	0
GRO-9-MGE	SA		2023-03-18	yes	Grogu	1	0
HAM-1-DRS	SA		2023-03-10	yes	Hamlet	3	0
HAM-1-MGE	SA		2023-03-10	yes	Hamlet	3	0
HAM-11-DRS	SA		2023-03-20	yes	Hamlet	0	0
HAM-11-MGE	SA		2023-03-20	yes	Hamlet	1	1
HAM-14-DRS	SA/GR		2023-03-23	yes	Hamlet	0	0
HAM-14-MGE	SA/GR		2023-03-23	yes	Hamlet	0	0
HAM-15-DRS	SA		2023-03-24	yes	Hamlet	1	0
HAM-15-MGE	SA		2023-03-24	yes	Hamlet	1	0
HAM-16-DRS	SA		2023-03-25	yes	Hamlet	1	0
HAM-16-MGE	SA		2023-03-25	yes	Hamlet	1	0
HAM-17-DRS	SA		2023-03-26	yes	Hamlet	1	0
HAM-17-MGE	SA		2023-03-26	yes	Hamlet	1	2
HAM-18-DRS	SA/GR		2023-03-27	yes	Hamlet	0	0
HAM-18-MGE	SA/GR		2023-03-27	yes	Hamlet	1	0
HAM-2-DRS	SA		2023-03-11	yes	Hamlet	1	0
HAM-2-MGE	SA		2023-03-11	yes	Hamlet	1	0
HAM-20-DRS	SA		2023-03-29	yes	Hamlet	0	0
HAM-20-MGE	SA		2023-03-29	yes	Hamlet	1	0
HAM-21-DRS	SA		2023-03-30	yes	Hamlet	0	0
HAM-21-MGE	SA		2023-03-30	yes	Hamlet	1	0
HAM-22-DRS	SA/GR		2023-03-31	yes	Hamlet	0	0
HAM-22-MGE	SA/GR		2023-03-31	yes	Hamlet	1	1
HAM-23-DRS	SA		2023-04-01	yes	Hamlet	0	0
HAM-23-MGE	SA		2023-04-01	yes	Hamlet	1	0
HAM-24-DRS	SA		2023-04-02	yes	Hamlet	0	0
HAM-24-MGE	SA		2023-04-02	yes	Hamlet	0	0
HAM-25-DRS	SA/GR		2023-04-03	yes	Hamlet	0	0
HAM-25-MGE	SA/GR		2023-04-03	yes	Hamlet	1	1
HAM-27-DRS	SA/GR		2023-04-05	yes	Hamlet	0	0
HAM-27-MGE	SA/GR		2023-04-05	yes	Hamlet	0	0
HAM-28-DRS	SA		2023-04-06	yes	Hamlet	0	0
HAM-28-MGE	SA		2023-04-06	yes	Hamlet	0	0
HAM-29-DRS	SA/GR		2023-04-07	yes	Hamlet	1	0
HAM-29-MGE	SA/GR		2023-04-07	yes	Hamlet	1	0
HAM-3-DRS	SA		2023-03-12	yes	Hamlet	1	0
HAM-3-MGE	SA		2023-03-12	yes	Hamlet	1	0
HAM-30-DRS	SA		2023-04-08	yes	Hamlet	0	0
HAM-30-MGE	SA		2023-04-08	yes	Hamlet	0	0
HAM-31-DRS	SA		2023-04-09	yes	Hamlet	1	0
HAM-31-MGE	SA		2023-04-09	yes	Hamlet	1	1
HAM-32-DRS	SA/GR		2023-04-10	yes	Hamlet	0	0
HAM-32-MGE	SA/GR		2023-04-10	yes	Hamlet	0	0
HAM-33-DRS	SA		2023-04-11	yes	Hamlet	1	0
HAM-33-MGE	SA		2023-04-11	yes	Hamlet	1	0
HAM-34-DRS	SA/GR		2023-04-12	yes	Hamlet	0	0
HAM-34-MGE	SA/GR		2023-04-12	yes	Hamlet	0	0
HAM-35-DRS	SA		2023-04-13	yes	Hamlet	0	0
HAM-35-MGE	SA		2023-04-13	yes	Hamlet	0	0
HAM-36-MGE	SA/GR		2023-04-14	yes	Hamlet	1	0
HAM-37-MGE	SA		2023-04-15	yes	Hamlet	1	0
HAM-38-MGE	SA		2023-04-16	yes	Hamlet	0	0
HAM-39-MGE	SA/GR		2023-04-17	yes	Hamlet	0	0
HAM-4-DRS	SA		2023-03-13	yes	Hamlet	1	1
HAM-4-MGE	SA		2023-03-13	yes	Hamlet	1	1
HAM-41-DRS	SA		2023-04-19	yes	Hamlet	1	1
HAM-41-MGE	SA		2023-04-19	yes	Hamlet	1	1
HAM-43-DRS	SA/GR		2023-04-21	yes	Hamlet	1	0
HAM-43-MGE	SA/GR		2023-04-21	yes	Hamlet	1	0
HAM-44-DRS	SA		2023-04-22	yes	Hamlet	1	0
HAM-44-MGE	SA		2023-04-22	yes	Hamlet	1	0
HAM-45-DRS	SA		2023-04-23	yes	Hamlet	0	0
HAM-45-MGE	SA		2023-04-23	yes	Hamlet	1	0
HAM-46-DRS	SA/GR		2023-04-24	yes	Hamlet	0	0
HAM-46-MGE	SA/GR		2023-04-24	yes	Hamlet	1	0
HAM-48-DRS	SA/GR		2023-04-26	yes	Hamlet	0	0
HAM-48-MGE	SA/GR		2023-04-26	yes	Hamlet	1	0
HAM-49-DRS	SA		2023-04-27	yes	Hamlet	0	0
HAM-49-MGE	SA		2023-04-27	yes	Hamlet	0	0
HAM-5-DRS	SA		2023-03-14	yes	Hamlet	0	0
HAM-5-MGE	SA		2023-03-14	yes	Hamlet	0	0
HAM-50-DRS	SA/GR		2023-04-28	yes	Hamlet	0	0
HAM-50-MGE	SA/GR		2023-04-28	yes	Hamlet	0	0
HAM-52-DRS	SA		2023-04-30	yes	Hamlet	0	0
HAM-52-MGE	SA		2023-04-30	yes	Hamlet	0	0
HAM-53-DRS	SA/GR		2023-05-01	yes	Hamlet	0	0
HAM-53-MGE	SA/GR		2023-05-01	yes	Hamlet	0	0
HAM-55-DRS	SA/GR		2023-05-03	yes	Hamlet	0	0
HAM-55-MGE	SA/GR		2023-05-03	yes	Hamlet	0	0
HAM-56-DRS	SA		2023-05-04	yes	Hamlet	0	0
HAM-56-MGE	SA		2023-05-04	yes	Hamlet	0	0
HAM-57-DRS	SA		2023-05-05	yes	Hamlet	1	0
HAM-57-MGE	SA		2023-05-05	yes	Hamlet	1	0
HAM-58-DRS	SA		2023-05-06	yes	Hamlet	1	0
HAM-58-MGE	SA		2023-05-06	yes	Hamlet	1	0
HAM-59-DRS	SA		2023-05-07	yes	Hamlet	1	0
HAM-59-MGE	SA		2023-05-07	yes	Hamlet	1	1
HAM-6-DRS	SA		2023-03-15	yes	Hamlet	0	0
HAM-6-MGE	SA		2023-03-15	yes	Hamlet	0	0
HAM-60-DRS	SA/GR		2023-05-08	yes	Hamlet	0	0
HAM-60-MGE	SA/GR		2023-05-08	yes	Hamlet	0	0
HAM-61-DRS	SA		2023-05-09	yes	Hamlet	0	0
HAM-61-MGE	SA		2023-05-09	yes	Hamlet	0	0
HAM-62-DRS	SA		2023-05-10	yes	Hamlet	0	0
HAM-62-MGE	SA		2023-05-10	yes	Hamlet	0	0
HAM-63-DRS	SA		2023-05-11	yes	Hamlet	0	0
HAM-63-MGE	SA		2023-05-11	yes	Hamlet	0	0
HAM-64-DRS	SA/GR		2023-05-12	yes	Hamlet	0	0
HAM-64-MGE	SA/GR		2023-05-12	yes	Hamlet	0	0
HAM-65-DRS	SA		2023-05-13	yes	Hamlet	0	0
HAM-65-MGE	SA		2023-05-13	yes	Hamlet	0	0
HAM-66-DRS	SA		2023-05-14	yes	Hamlet	0	0
HAM-66-MGE	SA		2023-05-14	yes	Hamlet	0	0
HAM-67-DRS	SA/GR		2023-05-15	yes	Hamlet	1	1
HAM-67-MGE	SA/GR		2023-05-15	yes	Hamlet	1	2
HAM-68-DRS	SA		2023-05-16	yes	Hamlet	0	0
HAM-68-MGE	SA		2023-05-16	yes	Hamlet	0	0
HAM-69-DRS	SA/GR		2023-05-17	yes	Hamlet	0	0
HAM-69-MGE	SA/GR		2023-05-17	yes	Hamlet	0	0
HAM-7-DRS	SA		2023-03-16	yes	Hamlet	0	0
HAM-7-MGE	SA		2023-03-16	yes	Hamlet	0	0
HAM-70-DRS	SA		2023-05-18	yes	Hamlet	0	0
HAM-70-MGE	SA		2023-05-18	yes	Hamlet	0	0
HAM-9-DRS	SA		2013-03-18	yes	Hamlet	1	0
HAM-9-MGE	SA		2023-03-18	yes	Hamlet	1	0
HEN-14-DRS	SA/GR		2023-03-23	yes	Henry	0	0
HEN-14-MGE	SA/GR		2023-03-23	yes	Henry	1	0
HEN-17-DRS	SA		2023-03-26	yes	Henry	1	0
HEN-17-MGE	SA		2023-03-26	yes	Henry	1	0
HEN-2-DRS	SA		2023-03-11	yes	Henry	1	0
HEN-2-MGE	SA		2023-03-11	yes	Henry	1	0
HEN-22-DRS	SA/GR		2023-03-31	yes	Henry	0	0
HEN-22-MGE	SA/GR		2023-03-31	yes	Henry	1	0
HEN-24-DRS	SA		2023-04-02	yes	Henry	0	0
HEN-24-MGE	SA		2023-04-02	yes	Henry	1	0
HEN-25-DRS	SA/GR		2023-04-03	yes	Henry	0	0
HEN-25-MGE	SA/GR		2023-04-03	yes	Henry	1	0
HEN-27-DRS	SA/GR		2023-04-05	yes	Henry	0	0
HEN-27-MGE	SA/GR		2023-04-05	yes	Henry	0	0
HEN-29-DRS	SA/GR		2023-04-07	yes	Henry	1	0
HEN-29-MGE	SA/GR		2023-04-07	yes	Henry	1	1
HEN-3-DRS	SA		2023-03-12	yes	Henry	0	0
HEN-3-MGE	SA		2023-03-12	yes	Henry	0	0
HEN-30-DRS	SA		2023-04-08	yes	Henry	0	0
HEN-30-MGE	SA		2023-04-08	yes	Henry	0	0
HEN-31-DRS	SA	See notes on Notion for Room F	2023-04-09	yes	Henry	0	0
HEN-31-MGE	SA	See notes on Notion for Room F	2023-04-09	yes	Henry	0	0
HEN-32-DRS	SA/GR		2023-04-10	yes	Henry	0	0
HEN-32-MGE	SA/GR		2023-04-10	yes	Henry	0	0
HEN-34-DRS	SA/GR		2023-04-12	yes	Henry	0	0
HEN-34-MGE	SA/GR		2023-04-12	yes	Henry	0	0
HEN-35-DRS	SA		2023-04-13	yes	Henry	0	0
HEN-35-MGE	SA		2023-04-13	yes	Henry	0	0
HEN-36-MGE	SA/GR		2023-04-14	yes	Henry	1	1
HEN-37-MGE	SA		2023-04-15	yes	Henry	0	0
HEN-38-MGE	SA		2023-04-16	yes	Henry	0	0
HEN-39-MGE	SA/GR		2023-04-17	yes	Henry	0	0
HEN-4-DRS	SA		2023-03-13	yes	Henry	0	0
HEN-4-MGE	SA		2023-03-13	yes	Henry	0	0
HEN-41-DRS	SA		2023-04-19	yes	Henry	0	0
HEN-41-MGE	SA		2023-04-19	yes	Henry	0	0
HEN-42-DRS	SA		2023-04-20	yes	Henry	1	0
HEN-42-MGE	SA		2023-04-20	no		1	1
HEN-43-DRS	SA/GR		2023-04-21	yes	Henry	1	0
HEN-43-MGE	SA/GR		2023-04-21	yes	Henry	1	0
HEN-44-DRS	SA		2023-04-22	yes	Henry	0	0
HEN-44-MGE	SA		2023-04-22	yes	Henry	1	0
HEN-45-DRS	SA		2023-04-23	yes	Henry	0	0
HEN-45-MGE	SA		2023-04-23	yes	Henry	1	0
HEN-46-DRS	SA/GR		2023-04-24	yes	Henry	0	0
HEN-46-MGE	SA/GR		2023-04-24	yes	Henry	1	0
HEN-47-DRS	SA		2023-04-25	yes	Henry	0	0
HEN-47-MGE	SA		2023-04-25	yes	Henry	0	0
HEN-48-DRS	SA/GR		2023-04-26	yes	Henry	0	0
HEN-48-MGE	SA/GR		2023-04-26	yes	Henry	1	1
HEN-49-DRS	SA		2023-04-27	yes	Henry	0	0
HEN-49-MGE	SA		2023-04-27	yes	Henry	1	0
HEN-50-DRS	SA/GR		2023-04-28	yes	Henry	0	0
HEN-50-MGE	SA/GR		2023-04-28	yes	Henry	0	0
HEN-51-DRS	SA		2023-04-29	yes	Henry	0	0
HEN-51-MGE	SA		2023-04-29	yes	Henry	0	0
HEN-52-DRS	SA		2023-04-30	yes	Henry	0	0
HEN-52-MGE	SA		2023-04-30	yes	Henry	0	0
HEN-53-DRS	SA/GR		2023-05-01	yes	Henry	0	0
HEN-53-MGE	SA/GR		2023-05-01	yes	Henry	0	0
HEN-54-DRS	SA		2023-05-02	yes	Henry	0	0
HEN-54-MGE	SA		2023-05-02	yes	Henry	1	0
HEN-55-DRS	SA/GR		2023-05-03	yes	Henry	0	0
HEN-55-MGE	SA/GR		2023-05-03	yes	Henry	0	0
HEN-56-DRS	SA		2023-05-04	yes	Henry	0	0
HEN-56-MGE	SA		2023-05-04	yes	Henry	0	0
HEN-57-DRS	SA		2023-05-05	yes	Henry	2	0
HEN-57-MGE	SA		2023-05-05	yes	Henry	2	0
HEN-58-DRS	SA		2023-05-06	yes	Henry	0	0
HEN-58-MGE	SA		2023-05-06	yes	Henry	1	0
HEN-59-DRS	SA		2023-05-07	yes	Henry	0	0
HEN-59-MGE	SA		2023-05-07	yes	Henry	1	1
HEN-6-DRS	SA		2023-03-15	yes	Henry	0	0
HEN-6-MGE	SA		2023-03-15	yes	Henry	0	0
HEN-60-DRS	SA/GR		2023-05-08	yes	Henry	0	0
HEN-60-MGE	SA/GR		2023-05-08	yes	Henry	0	0
HEN-61-DRS	SA		2023-05-09	yes	Henry	0	0
HEN-61-MGE	SA		2023-05-09	yes	Henry	0	0
HEN-62-DRS	SA		2023-05-10	yes	Henry	0	0
HEN-62-MGE	SA		2023-05-10	yes	Henry	0	0
HEN-64-DRS	SA/GR		2023-05-12	yes	Henry	0	0
HEN-64-MGE	SA/GR		2023-05-12	yes	Henry	0	0
HEN-65-DRS	SA		2023-05-13	yes	Henry	0	0
HEN-65-MGE	SA		2023-05-13	yes	Henry	0	0
HEN-66-DRS	SA		2023-05-14	yes	Henry	1	0
HEN-66-MGE	SA		2023-05-14	yes	Henry	1	1
HEN-67-DRS	SA/GR		2023-05-15	yes	Henry	1	0
HEN-67-MGE	SA/GR		2023-05-15	yes	Henry	1	0
HEN-68-DRS	SA		2023-05-16	yes	Henry	0	0
HEN-68-MGE	SA		2023-05-16	yes	Henry	0	0
HEN-69-DRS	SA/GR		2023-05-17	yes	Henry	1	0
HEN-69-MGE	SA/GR		2023-05-17	yes	Henry	1	0
HEN-7-DRS	SA		2023-03-16	yes	Henry	0	0
HEN-7-MGE	SA		2023-03-16	yes	Henry	0	0
HEN-70-DRS	SA		2023-05-18	yes	Henry	1	0
HEN-70-MGE	SA		2023-05-18	yes	Henry	1	0
HEN-9-DRS	SA		2023-03-18	yes	Henry	1	1
HEN-9-MGE	SA		2023-03-18	yes	Henry	1	1
HER-1-DRS	SA		2023-03-10	yes	Hera	1	0
HER-1-MGE	SA		2023-03-10	yes	Hera	1	1
HER-11-DRS	SA		2023-03-20	yes	Hera	1	0
HER-11-MGE	SA		2023-03-20	yes	Hera	1	1
HER-14-DRS	SA/GR		2023-03-23	yes	Hera	1	0
HER-14-MGE	SA/GR		2023-03-23	yes	Hera	1	1
HER-15-MGE	SA		2023-03-24	yes	Hera	1	0
HER-16-DRS	SA		2023-03-25	yes	Hera	1	0
HER-16-MGE	SA		2023-03-25	yes	Hera	1	0
HER-17-DRS	SA		2023-03-26	yes	Hera	1	0
HER-17-MGE	SA		2023-03-26	yes	Hera	1	1
HER-18-DRS	SA/GR		2023-03-27	yes	Hera	0	0
HER-18-MGE	SA/GR		2023-03-27	yes	Hera	1	0
HER-19-DRS	SA		2023-03-28	yes	Hera	1	0
HER-19-MGE	SA		2023-03-28	yes	Hera	1	1
HER-2-DRS	SA		2023-03-11	yes	Hera	1	1
HER-2-MGE	SA		2023-03-11	yes	Hera	1	1
HER-20-DRS	SA		2023-03-29	yes	Hera	0	0
HER-20-MGE	SA		2023-03-29	yes	Hera	1	0
HER-21-DRS	SA		2023-03-30	yes	Hera	0	0
HER-21-MGE	SA		2023-03-30	yes	Hera	0	0
HER-22-DRS	SA/GR		2023-03-31	yes	Hera	0	0
HER-22-MGE	SA/GR		2023-03-31	yes	Hera	1	0
HER-23-DRS	SA		2023-04-01	yes	Hera	0	0
HER-23-MGE	SA		2023-04-01	yes	Hera	0	0
HER-24-DRS	SA		2023-04-02	yes	Hera	0	0
HER-24-MGE	SA		2023-04-02	yes	Hera	1	0
HER-25-DRS	SA/GR		2023-04-03	yes	Hera	0	0
HER-25-MGE	SA/GR		2023-04-03	yes	Hera	0	0
HER-27-DRS	SA/GR		2023-04-05	yes	Hera	0	0
HER-27-MGE	SA/GR		2023-04-05	yes	Hera	0	0
HER-28-DRS	SA		2023-04-06	yes	Hera	0	0
HER-28-MGE	SA		2023-04-06	yes	Hera	0	0
HER-29-DRS	SA/GR		2023-04-07	yes	Hera	3	0
HER-29-MGE	SA/GR		2023-04-07	yes	Hera	3	0
HER-30-DRS	SA		2023-04-08	yes	Hera	0	0
HER-30-MGE	SA		2023-04-08	yes	Hera	0	0
HER-31-DRS	SA		2023-04-09	yes	Hera	0	0
HER-31-MGE	SA		2023-04-09	yes	Hera	0	0
HER-32-DRS	SA/GR		2023-04-10	yes	Hera	0	0
HER-32-MGE	SA/GR		2023-04-10	yes	Hera	0	0
HER-33-DRS	SA		2023-04-11	yes	Hera	0	0
HER-33-MGE	SA		2023-04-11	yes	Hera	0	0
HER-34-DRS	SA/GR		2023-04-12	yes	Hera	0	0
HER-34-MGE	SA/GR		2023-04-12	yes	Hera	0	0
HER-35-DRS	SA		2023-04-13	yes	Hera	0	0
HER-35-MGE	SA		2023-04-13	yes	Hera	0	0
HER-36-MGE	SA/GR		2023-04-14	yes	Hera	1	0
HER-37-MGE	SA		2023-04-15	yes	Hera	1	0
HER-38-MGE	SA		2023-04-16	yes	Hera	0	0
HER-39-MGE	SA/GR		2023-04-17	yes	Hera	0	0
HER-4-DRS	SA		2023-03-13	yes	Hera	0	0
HER-4-MGE	SA		2023-03-13	yes	Hera	0	0
HER-41-DRS	SA		2023-04-19	yes	Hera	0	0
HER-41-MGE	SA		2023-04-19	yes	Hera	1	0
HER-43-DRS	SA/GR		2023-04-21	yes	Hera	1	0
HER-43-MGE	SA/GR		2023-04-21	yes	Hera	1	0
HER-44-DRS	SA		2023-04-22	yes	Hera	1	1
HER-44-MGE	SA		2023-04-22	yes	Hera	1	1
HER-45-DRS	SA		2023-04-23	yes	Hera	1	0
HER-45-MGE	SA		2023-04-23	yes	Hera	1	1
HER-46-DRS	SA/GR		2023-04-24	yes	Hera	0	0
HER-46-MGE	SA/GR		2023-04-24	yes	Hera	0	0
HER-48-DRS	SA/GR		2023-04-26	yes	Hera	0	0
HER-48-MGE	SA/GR		2023-04-26	yes	Hera	1	0
HER-49-DRS	SA		2023-04-27	yes	Hera	1	0
HER-49-MGE	SA		2023-04-27	yes	Hera	1	0
HER-50-DRS	SA/GR		2023-04-28	yes	Hera	0	0
HER-50-MGE	SA/GR		2023-04-28	yes	Hera	0	0
HER-52-DRS	SA		2023-04-30	yes	Hera	0	0
HER-52-MGE	SA		2023-04-30	yes	Hera	0	0
HER-53-DRS	SA/GR		2023-05-01	yes	Hera	0	0
HER-53-MGE	SA/GR		2023-05-01	yes	Hera	1	0
HER-55-DRS	SA/GR		2023-05-03	yes	Hera	0	0
HER-55-MGE	SA/GR		2023-05-03	yes	Hera	0	0
HER-56-DRS	SA		2023-05-04	yes	Hera	0	0
HER-56-MGE	SA		2023-05-04	yes	Hera	0	0
HER-57-DRS	SA		2023-05-05	yes	Hera	1	0
HER-57-MGE	SA		2023-05-05	yes	Hera	1	0
HER-58-DRS	SA		2023-05-06	yes	Hera	1	1
HER-58-MGE	SA		2023-05-06	yes	Hera	1	1
HER-59-DRS	SA		2023-05-07	yes	Hera	1	0
HER-59-MGE	SA		2023-05-07	yes	Hera	1	0
HER-60-DRS	SA/GR		2023-05-08	yes	Hera	0	0
HER-60-MGE	SA/GR		2023-05-08	yes	Hera	0	0
HER-61-DRS	SA		2023-05-09	yes	Hera	0	0
HER-61-MGE	SA		2023-05-09	yes	Hera	0	0
HER-62-DRS	SA		2023-05-10	yes	Hera	0	0
HER-62-MGE	SA		2023-05-10	yes	Hera	0	0
HER-63-DRS	SA		2023-05-11	yes	Hera	0	0
HER-63-MGE	SA		2023-05-11	yes	Hera	0	0
HER-64-DRS	SA/GR		2023-05-12	yes	Hera	0	0
HER-64-MGE	SA/GR		2023-05-12	yes	Hera	0	0
HER-65-DRS	SA		2023-05-13	yes	Hera	0	0
HER-65-MGE	SA		2023-05-13	yes	Hera	0	0
HER-66-DRS	SA		2023-05-14	yes	Hera	0	0
HER-66-MGE	SA		2023-05-14	yes	Hera	0	0
HER-67-DRS	SA/GR		2023-05-15	yes	Hera	0	0
HER-67-MGE	SA/GR		2023-05-15	yes	Hera	1	1
HER-68-DRS	SA		2023-05-16	yes	Hera	0	0
HER-68-MGE	SA		2023-05-16	yes	Hera	0	0
HER-69-DRS	SA/GR		2023-05-17	yes	Hera	0	0
HER-69-MGE	SA/GR		2023-05-17	yes	Hera	0	0
HER-7-DRS	SA		2023-03-16	yes	Hera	0	0
HER-7-MGE	SA		2023-03-16	yes	Hera	1	0
HER-70-DRS	SA		2023-05-18	yes	Hera	1	0
HER-70-MGE	SA		2023-05-18	yes	Hera	1	0
HER-9-DRS	SA		2023-03-18	yes	Hera	1	0
HER-9-MGE	SA		2023-03-18	yes	Hera	1	0
IRI-1-DRS	SA		2023-03-10	yes	Iris	1	0
IRI-1-MGE	SA		2023-03-10	yes	Iris	1	0
IRI-11-DRS	SA		2023-03-20	yes	Iris	1	0
IRI-11-MGE	SA		2023-03-20	yes	Iris	1	1
IRI-14-DRS	SA/GR		2023-03-23	yes	Iris	0	0
IRI-14-MGE	SA/GR		2023-03-23	yes	Iris	1	0
IRI-15-MGE	SA		2023-03-24	yes	Iris	2	0
IRI-16-DRS	SA		2023-03-25	yes	Iris	1	1
IRI-16-MGE	SA		2023-03-25	yes	Iris	1	2
IRI-17-DRS	SA		2023-03-26	yes	Iris	0	0
IRI-17-MGE	SA		2023-03-26	yes	Iris	1	0
IRI-18-DRS	SA/GR		2023-03-27	yes	Iris	0	0
IRI-18-DRS	SA		2023-03-28	yes	Iris	0	0
IRI-18-MGE	SA/GR		2023-03-27	yes	Iris	1	0
IRI-18-MGE	SA		2023-03-28	yes	Iris	1	0
IRI-2-DRS	SA		2023-03-11	yes	Iris	1	0
IRI-2-MGE	SA		2023-03-11	yes	Iris	1	0
IRI-20-DRS	SA		2023-03-29	yes	Iris	0	0
IRI-20-MGE	SA		2023-03-29	yes	Iris	1	0
IRI-21-DRS	SA		2023-03-30	yes	Iris	0	0
IRI-21-MGE	SA		2023-03-30	yes	Iris	0	0
IRI-22-DRS	SA/GR		2023-03-31	yes	Iris	0	0
IRI-22-MGE	SA/GR		2023-03-31	yes	Iris	1	1
IRI-23-DRS	SA		2023-04-01	yes	Iris	0	0
IRI-23-MGE	SA		2023-04-01	yes	Iris	1	0
IRI-24-DRS	SA		2023-04-02	yes	Iris	0	0
IRI-24-MGE	SA		2023-04-02	yes	Iris	0	0
IRI-25-DRS	SA/GR		2023-04-03	yes	Iris	0	0
IRI-25-MGE	SA/GR		2023-04-03	yes	Iris	0	0
IRI-27-DRS	SA/GR		2023-04-05	yes	Iris	0	0
IRI-27-MGE	SA/GR		2023-04-05	yes	Iris	0	0
IRI-28-DRS	SA		2023-04-06	yes	Iris	1	0
IRI-28-MGE	SA		2023-04-06	yes	Iris	1	0
IRI-29-DRS	SA/GR		2023-04-07	yes	Iris	1	0
IRI-29-MGE	SA/GR		2023-04-07	yes	Iris	1	1
IRI-3-DRS	SA		2023-03-12	yes	Iris	0	0
IRI-3-MGE	SA		2023-03-12	yes	Iris	0	0
IRI-30-DRS	SA		2023-04-08	yes	Iris	0	0
IRI-30-MGE	SA		2023-04-08	yes	Iris	0	0
IRI-31-DRS	SA		2023-04-09	yes	Iris	0	0
IRI-31-MGE	SA		2023-04-09	yes	Iris	0	0
IRI-32-DRS	SA/GR		2023-04-10	yes	Iris	0	0
IRI-32-MGE	SA/GR		2023-04-10	yes	Iris	0	0
IRI-33-DRS	SA		2023-04-11	yes	Iris	0	0
IRI-33-MGE	SA		2023-04-11	yes	Iris	0	0
IRI-34-DRS	SA/GR		2023-04-12	yes	Iris	0	0
IRI-34-MGE	SA/GR		2023-04-12	yes	Iris	0	0
IRI-35-DRS	SA		2023-04-13	yes	Iris	0	0
IRI-35-MGE	SA		2023-04-13	yes	Iris	0	0
IRI-36-MGE	SA/GR		2023-04-14	yes	Iris	1	1
IRI-37-MGE	SA		2023-04-15	yes	Iris	0	0
IRI-38-MGE	SA		2023-04-16	yes	Iris	0	0
IRI-39-MGE	SA/GR		2023-04-17	yes	Iris	0	0
IRI-4-DRS	SA		2023-03-13	yes	Iris	0	0
IRI-4-MGE	SA		2023-03-13	yes	Iris	0	0
IRI-41-DRS	SA		2023-04-19	yes	Iris	1	0
IRI-41-MGE	SA		2023-04-19	yes	Iris	1	0
IRI-43-DRS	SA/GR		2023-04-21	yes	Iris	2	0
IRI-43-MGE	SA/GR		2023-04-21	yes	Iris	2	0
IRI-44-DRS	SA		2023-04-22	yes	Iris	1	0
IRI-44-MGE	SA		2023-04-22	yes	Iris	1	1
IRI-45-DRS	SA		2023-04-23	yes	Iris	0	0
IRI-45-MGE	SA		2023-04-23	yes	Iris	0	0
IRI-46-DRS	SA/GR		2023-04-24	yes	Iris	1	0
IRI-46-MGE	SA/GR		2023-04-24	yes	Iris	1	1
IRI-48-DRS	SA/GR		2023-04-26	yes	Iris	0	0
IRI-48-MGE	SA/GR		2023-04-26	yes	Iris	1	1
IRI-49-DRS	SA		2023-04-27	yes	Iris	0	0
IRI-49-MGE	SA		2023-04-27	yes	Iris	1	0
IRI-50-DRS	SA/GR		2023-04-28	yes	Iris	0	0
IRI-50-MGE	SA/GR		2023-04-28	yes	Iris	0	0
IRI-52-DRS	SA		2023-04-30	yes	Iris	0	0
IRI-52-MGE	SA		2023-04-30	yes	Iris	0	0
IRI-53-DRS	SA/GR		2023-05-01	yes	Iris	0	0
IRI-53-MGE	SA/GR		2023-05-01	yes	Iris	0	0
IRI-55-DRS	SA/GR		2023-05-03	yes	Iris	0	0
IRI-55-MGE	SA/GR		2023-05-03	yes	Iris	1	0
IRI-56-DRS	SA		2023-05-04	yes	Iris	0	0
IRI-56-MGE	SA		2023-05-04	yes	Iris	0	0
IRI-57-DRS	SA		2023-05-05	yes	Iris	1	0
IRI-57-MGE	SA		2023-05-05	yes	Iris	1	0
IRI-58-DRS	SA		2023-05-06	yes	Iris	0	0
IRI-58-MGE	SA		2023-05-06	yes	Iris	0	0
IRI-59-DRS	SA		2023-05-07	yes	Iris	2	0
IRI-59-MGE	SA		2023-05-07	yes	Iris	2	1
IRI-60-DRS	SA/GR		2023-05-08	yes	Iris	1	0
IRI-60-MGE	SA/GR		2023-05-08	yes	Iris	1	1
IRI-61-DRS	SA		2023-05-09	yes	Iris	0	0
IRI-61-MGE	SA		2023-05-09	yes	Iris	0	0
IRI-62-DRS	SA		2023-05-10	yes	Iris	0	0
IRI-62-MGE	SA		2023-05-10	yes	Iris	0	0
IRI-63-DRS	SA		2023-05-11	yes	Iris	0	0
IRI-63-MGE	SA		2023-05-11	yes	Iris	0	0
IRI-64-DRS	SA/GR		2023-05-12	yes	Iris	0	0
IRI-64-MGE	SA/GR		2023-05-12	yes	Iris	0	0
IRI-65-DRS	SA		2023-05-13	yes	Iris	0	0
IRI-65-MGE	SA		2023-05-13	yes	Iris	0	0
IRI-66-DRS	SA		2023-05-14	yes	Iris	1	0
IRI-66-MGE	SA		2023-05-14	yes	Iris	1	0
IRI-67-DRS	SA/GR		2023-05-15	yes	Iris	0	0
IRI-67-MGE	SA/GR		2023-05-15	yes	Iris	0	0
IRI-68-DRS	SA		2023-05-16	yes	Iris	0	0
IRI-68-MGE	SA		2023-05-16	yes	Iris	0	0
IRI-69-DRS	SA/GR		2023-05-17	yes	Iris	1	0
IRI-69-MGE	SA/GR		2023-05-17	yes	Iris	1	0
IRI-7-DRS	SA		2023-03-16	yes	Iris	1	1
IRI-7-MGE	SA		2023-03-16	yes	Iris	1	1
IRI-70-DRS	SA		2023-05-18	yes	Iris	1	0
IRI-70-MGE	SA		2023-05-18	yes	Iris	1	0
IRI-9-DRS	SA		2023-03-18	yes	Iris	0	0
IRI-9-MGE	SA		2023-03-18	yes	Iris	0	0
IVY-1-DRS	SA		2023-03-10	yes	Ivy	1	0
IVY-1-MGE	SA		2023-03-10	yes	Ivy	1	0
IVY-17-DRS	SA		2023-03-26	yes	Ivy	0	0
IVY-17-MGE	SA		2023-03-26	yes	Ivy	1	0
IVY-18-DRS	SA/GR		2023-03-27	yes	Ivy	0	0
IVY-18-MGE	SA/GR		2023-03-27	yes	Ivy	1	0
IVY-19-DRS	SA		2023-03-28	yes	Ivy	0	0
IVY-19-MGE	SA		2023-03-28	yes	Ivy	1	0
IVY-2-DRS	SA		2023-03-11	yes	Ivy	1	0
IVY-2-MGE	SA		2023-03-11	yes	Ivy	1	0
IVY-22-DRS	SA/GR		2023-03-31	yes	Ivy	0	0
IVY-22-MGE	SA/GR		2023-03-31	yes	Ivy	0	0
IVY-24-DRS	SA		2023-04-02	yes	Ivy	1	1
IVY-24-MGE	SA		2023-04-02	yes	Ivy	1	1
IVY-25-DRS	SA/GR		2023-04-03	yes	Ivy	0	0
IVY-25-MGE	SA/GR		2023-04-03	yes	Ivy	0	0
IVY-27-DRS	SA/GR		2023-04-05	yes	Ivy	0	0
IVY-27-MGE	SA/GR		2023-04-05	yes	Ivy	0	0
IVY-29-DRS	SA/GR		2023-04-07	yes	Ivy	1	0
IVY-29-MGE	SA/GR		2023-04-07	yes	Ivy	1	1
IVY-3-DRS	SA		2023-03-12	yes	Ivy	1	0
IVY-3-MGE	SA		2023-03-12	yes	Ivy	1	0
IVY-30-DRS	SA		2023-04-08	yes	Ivy	0	0
IVY-30-MGE	SA		2023-04-08	yes	Ivy	0	0
IVY-31-DRS	SA	See notes on Notion for Room F	2023-04-09	yes	Ivy	0	0
IVY-31-MGE	SA	See notes on Notion for Room F	2023-04-09	yes	Ivy	0	0
IVY-32-DRS	SA/GR		2023-04-10	yes	Ivy	0	0
IVY-32-MGE	SA/GR		2023-04-10	yes	Ivy	0	0
IVY-34-DRS	SA/GR		2023-04-12	yes	Ivy	0	0
IVY-34-MGE	SA/GR		2023-04-12	yes	Ivy	0	0
IVY-35-DRS	SA		2023-04-13	yes	Ivy	0	0
IVY-35-MGE	SA		2023-04-13	yes	Ivy	0	0
IVY-36-MGE	SA/GR		2023-04-14	yes	Ivy	1	1
IVY-37-MGE	SA		2023-04-15	yes	Ivy	0	0
IVY-38-MGE	SA		2023-04-16	yes	Ivy	0	0
IVY-39-MGE	SA/GR		2023-04-17	yes	Ivy	0	0
IVY-4-DRS	SA		2023-03-13	yes	Ivy	0	0
IVY-4-MGE	SA		2023-03-13	yes	Ivy	0	0
IVY-41-DRS	SA		2023-04-19	yes	Ivy	1	0
IVY-41-MGE	SA		2023-04-19	yes	Ivy	1	0
IVY-42-DRS	SA		2023-04-20	yes	Ivy	0	0
IVY-42-MGE	SA		2023-04-20	no		1	0
IVY-43-DRS	SA/GR		2023-04-21	yes	Ivy	3	0
IVY-43-MGE	SA/GR		2023-04-21	yes	Ivy	3	0
IVY-44-DRS	SA		2023-04-22	yes	Ivy	1	1
IVY-44-MGE	SA		2023-04-22	yes	Ivy	1	1
IVY-45-DRS	SA		2023-04-23	yes	Ivy	1	0
IVY-45-MGE	SA		2023-04-23	yes	Ivy	1	1
IVY-46-DRS	SA/GR		2023-04-24	yes	Ivy	1	0
IVY-46-MGE	SA/GR		2023-04-24	yes	Ivy	1	1
IVY-47-DRS	SA		2023-04-25	yes	Ivy	0	0
IVY-47-MGE	SA		2023-04-25	yes	Ivy	1	1
IVY-48-DRS	SA/GR		2023-04-26	yes	Ivy	0	0
IVY-48-MGE	SA/GR		2023-04-26	yes	Ivy	1	0
IVY-49-DRS	SA		2023-04-27	yes	Ivy	0	0
IVY-49-MGE	SA		2023-04-27	yes	Ivy	1	0
IVY-50-DRS	SA/GR		2023-04-28	yes	Ivy	0	0
IVY-50-MGE	SA/GR		2023-04-28	yes	Ivy	1	0
IVY-51-DRS	SA		2023-04-29	yes	Ivy	0	0
IVY-51-MGE	SA		2023-04-29	yes	Ivy	0	0
IVY-52-DRS	SA		2023-04-30	yes	Ivy	1	0
IVY-52-MGE	SA		2023-04-30	yes	Ivy	1	0
IVY-53-DRS	SA/GR		2023-05-01	yes	Ivy	0	0
IVY-53-MGE	SA/GR		2023-05-01	yes	Ivy	0	0
IVY-54-DRS	SA		2023-05-02	yes	Ivy	0	0
IVY-54-MGE	SA		2023-05-02	yes	Ivy	1	0
IVY-55-DRS	SA/GR		2023-05-03	yes	Ivy	0	0
IVY-55-MGE	SA/GR		2023-05-03	yes	Ivy	1	0
IVY-56-DRS	SA		2023-05-04	yes	Ivy	0	0
IVY-56-MGE	SA		2023-05-04	yes	Ivy	0	0
IVY-57-DRS	SA		2023-05-05	yes	Ivy	1	0
IVY-57-MGE	SA		2023-05-05	yes	Ivy	1	0
IVY-58-DRS	SA		2023-05-06	yes	Ivy	0	0
IVY-58-MGE	SA		2023-05-06	yes	Ivy	0	0
IVY-59-DRS	SA		2023-05-07	yes	Ivy	0	0
IVY-59-MGE	SA		2023-05-07	yes	Ivy	0	0
IVY-6-DRS	SA		2023-03-15	yes	Ivy	0	0
IVY-6-MGE	SA		2023-03-15	yes	Ivy	0	0
IVY-60-DRS	SA/GR		2023-05-08	yes	Ivy	0	0
IVY-60-MGE	SA/GR		2023-05-08	yes	Ivy	0	0
IVY-61-DRS	SA		2023-05-09	yes	Ivy	0	0
IVY-61-MGE	SA		2023-05-09	yes	Ivy	0	0
IVY-62-DRS	SA		2023-05-10	yes	Ivy	0	0
IVY-62-MGE	SA		2023-05-10	yes	Ivy	0	0
IVY-64-DRS	SA/GR		2023-05-12	yes	Ivy	0	0
IVY-64-MGE	SA/GR		2023-05-12	yes	Ivy	0	0
IVY-65-DRS	SA		2023-05-13	yes	Ivy	0	0
IVY-65-MGE	SA		2023-05-13	yes	Ivy	0	0
IVY-66-DRS	SA		2023-05-14	yes	Ivy	1	0
IVY-66-MGE	SA		2023-05-14	yes	Ivy	1	0
IVY-67-DRS	SA/GR		2023-05-15	yes	Ivy	0	0
IVY-67-MGE	SA/GR		2023-05-15	yes	Ivy	1	1
IVY-68-DRS	SA		2023-05-16	yes	Ivy	0	0
IVY-68-MGE	SA		2023-05-16	yes	Ivy	0	0
IVY-69-DRS	SA/GR		2023-05-17	yes	Ivy	0	0
IVY-69-MGE	SA/GR		2023-05-17	yes	Ivy	0	0
IVY-7-DRS	SA		2023-03-16	yes	Ivy	0	0
IVY-7-MGE	SA		2023-03-16	yes	Ivy	0	0
IVY-70-DRS	SA		2023-05-18	yes	Ivy	1	0
IVY-70-MGE	SA		2023-05-18	yes	Ivy	1	1
IVY-9-DRS	SA		2023-03-18	yes	Ivy	1	0
IVY-9-MGE	SA		2023-03-18	yes	Ivy	1	1
JAR-1-DRS	SA		2023-03-10	yes	JarJar BINKS	1	0
JAR-1-MGE	SA		2023-03-10	yes	JarJar BINKS	1	0
JAR-11-DRS	SA		2023-03-20	yes	JarJar BINKS	0	0
JAR-11-MGE	SA		2023-03-20	yes	JarJar BINKS	1	0
JAR-14-DRS	SA/GR		2023-03-23	yes	JarJar BINKS	0	0
JAR-14-MGE	SA/GR		2023-03-23	yes	JarJar BINKS	1	1
JAR-15-MGE	SA		2023-03-24	yes	JarJar BINKS	1	1
JAR-16-DRS	SA		2023-03-25	yes	JarJar BINKS	1	0
JAR-16-MGE	SA		2023-03-25	yes	JarJar BINKS	1	0
JAR-17-DRS	SA		2023-03-26	yes	JarJar BINKS	1	0
JAR-17-MGE	SA		2023-03-26	yes	JarJar BINKS	1	0
JAR-18-DRS	SA/GR		2023-03-27	yes	JarJar BINKS	0	0
JAR-18-MGE	SA/GR		2023-03-27	yes	JarJar BINKS	1	0
JAR-2-DRS	SA		2023-03-11	yes	JarJar BINKS	1	2
JAR-2-MGE	SA		2023-03-11	yes	JarJar BINKS	1	2
JAR-20-DRS	SA		2023-03-29	yes	JarJar BINKS	0	0
JAR-20-MGE	SA		2023-03-29	yes	JarJar BINKS	0	0
JAR-21-DRS	SA		2023-03-30	yes	JarJar BINKS	0	0
JAR-21-MGE	SA		2023-03-30	yes	JarJar BINKS	1	1
JAR-22-DRS	SA/GR		2023-03-31	yes	JarJar BINKS	0	0
JAR-22-MGE	SA/GR		2023-03-31	yes	JarJar BINKS	1	0
JAR-23-DRS	SA		2023-04-01	yes	JarJar BINKS	0	0
JAR-23-MGE	SA		2023-04-01	yes	JarJar BINKS	0	0
JAR-24-DRS	SA		2023-04-02	yes	JarJar BINKS	0	0
JAR-24-MGE	SA		2023-04-02	yes	JarJar BINKS	0	0
JAR-25-DRS	SA/GR		2023-04-03	yes	JarJar BINKS	0	0
JAR-25-MGE	SA/GR		2023-04-03	yes	JarJar BINKS	0	0
JAR-27-DRS	SA/GR		2023-04-05	yes	JarJar BINKS	0	0
JAR-27-MGE	SA/GR		2023-04-05	yes	JarJar BINKS	0	0
JAR-28-DRS	SA		2023-04-06	yes	JarJar BINKS	0	0
JAR-28-MGE	SA		2023-04-06	yes	JarJar BINKS	0	0
JAR-29-DRS	SA/GR		2023-04-07	yes	JarJar BINKS	1	0
JAR-29-MGE	SA/GR		2023-04-07	yes	JarJar BINKS	1	1
JAR-3-DRS	SA		2023-03-12	yes	JarJar BINKS	1	2
JAR-3-MGE	SA		2023-03-12	yes	JarJar BINKS	1	2
JAR-30-DRS	SA		2023-04-08	yes	JarJar BINKS	0	0
JAR-30-MGE	SA		2023-04-08	yes	JarJar BINKS	0	0
JAR-31-DRS	SA		2023-04-09	yes	JarJar BINKS	0	0
JAR-31-MGE	SA		2023-04-09	yes	JarJar BINKS	0	0
JAR-32-DRS	SA/GR		2023-04-10	yes	JarJar BINKS	1	1
JAR-32-MGE	SA/GR		2023-04-10	yes	JarJar BINKS	1	1
JAR-33-DRS	SA		2023-04-11	yes	JarJar BINKS	0	0
JAR-33-MGE	SA		2023-04-11	yes	JarJar BINKS	0	0
JAR-34-DRS	SA/GR		2023-04-12	yes	JarJar BINKS	0	0
JAR-34-MGE	SA/GR		2023-04-12	yes	JarJar BINKS	0	0
JAR-35-DRS	SA		2023-04-13	yes	JarJar BINKS	0	0
JAR-35-MGE	SA		2023-04-13	yes	JarJar BINKS	0	0
JAR-36-MGE	SA/GR		2023-04-14	yes	JarJar BINKS	1	0
JAR-37-MGE	SA		2023-04-15	yes	JarJar BINKS	0	0
JAR-38-MGE	SA		2023-04-16	yes	JarJar BINKS	0	0
JAR-39-MGE	SA/GR		2023-04-17	yes	JarJar BINKS	0	0
JAR-4-DRS	SA		2023-03-13	yes	JarJar BINKS	0	0
JAR-4-MGE	SA		2023-03-13	yes	JarJar BINKS	0	0
JAR-41-DRS	SA		2023-04-19	yes	JarJar BINKS	1	0
JAR-41-MGE	SA		2023-04-19	yes	JarJar BINKS	1	0
JAR-43-DRS	SA/GR		2023-04-21	yes	JarJar BINKS	1	0
JAR-43-MGE	SA/GR		2023-04-21	yes	JarJar BINKS	1	0
JAR-44-DRS	SA		2023-04-22	yes	JarJar BINKS	1	1
JAR-44-MGE	SA		2023-04-22	yes	JarJar BINKS	1	2
JAR-45-DRS	SA		2023-04-23	yes	JarJar BINKS	1	0
JAR-45-MGE	SA		2023-04-23	yes	JarJar BINKS	1	1
JAR-46-DRS	SA/GR		2023-04-24	yes	JarJar BINKS	0	0
JAR-46-MGE	SA/GR		2023-04-24	yes	JarJar BINKS	0	0
JAR-48-DRS	SA/GR		2023-04-26	yes	JarJar BINKS	0	0
JAR-48-MGE	SA/GR		2023-04-26	yes	JarJar BINKS	1	0
JAR-49-DRS	SA		2023-04-27	yes	JarJar BINKS	1	1
JAR-49-MGE	SA		2023-04-27	yes	JarJar BINKS	1	0
JAR-50-DRS	SA/GR		2023-04-28	yes	JarJar BINKS	1	0
JAR-50-MGE	SA/GR		2023-04-28	yes	JarJar BINKS	1	1
JAR-52-DRS	SA		2023-04-30	yes	JarJar BINKS	0	0
JAR-52-MGE	SA		2023-04-30	yes	JarJar BINKS	1	0
JAR-53-DRS	SA/GR		2023-05-01	yes	JarJar BINKS	0	0
JAR-53-MGE	SA/GR		2023-05-01	yes	JarJar BINKS	0	0
JAR-55-DRS	SA/GR		2023-05-03	yes	JarJar BINKS	0	0
JAR-55-MGE	SA/GR		2023-05-03	yes	JarJar BINKS	0	0
JAR-56-DRS	SA		2023-05-04	yes	JarJar BINKS	0	0
JAR-56-MGE	SA		2023-05-04	yes	JarJar BINKS	0	0
JAR-57-DRS	SA		2023-05-05	yes	JarJar BINKS	3	0
JAR-57-MGE	SA		2023-05-05	yes	JarJar BINKS	3	0
JAR-58-DRS	SA		2023-05-06	yes	JarJar BINKS	1	0
JAR-58-MGE	SA		2023-05-06	yes	JarJar BINKS	1	0
JAR-59-DRS	SA		2023-05-07	yes	JarJar BINKS	1	0
JAR-59-MGE	SA		2023-05-07	yes	JarJar BINKS	1	0
JAR-60-DRS	SA/GR		2023-05-08	yes	JarJar BINKS	0	0
JAR-60-MGE	SA/GR		2023-05-08	yes	JarJar BINKS	0	0
JAR-61-DRS	SA		2023-05-09	yes	JarJar BINKS	0	0
JAR-61-MGE	SA		2023-05-09	yes	JarJar BINKS	0	0
JAR-62-DRS	SA		2023-05-10	yes	JarJar BINKS	0	0
JAR-62-MGE	SA		2023-05-10	yes	JarJar BINKS	0	0
JAR-63-DRS	SA		2023-05-11	yes	JarJar BINKS	0	0
JAR-63-MGE	SA		2023-05-11	yes	JarJar BINKS	0	0
JAR-64-DRS	SA/GR		2023-05-12	yes	JarJar BINKS	0	0
JAR-64-MGE	SA/GR		2023-05-12	yes	JarJar BINKS	0	0
JAR-65-DRS	SA		2023-05-13	yes	JarJar BINKS	0	0
JAR-65-MGE	SA		2023-05-13	yes	JarJar BINKS	0	0
JAR-66-DRS	SA		2023-05-14	yes	JarJar BINKS	1	0
JAR-66-MGE	SA		2023-05-14	yes	JarJar BINKS	1	0
JAR-67-DRS	SA/GR		2023-05-15	yes	JarJar BINKS	1	0
JAR-67-MGE	SA/GR		2023-05-15	yes	JarJar BINKS	1	0
JAR-68-DRS	SA		2023-05-16	yes	JarJar BINKS	0	0
JAR-68-MGE	SA		2023-05-16	yes	JarJar BINKS	1	1
JAR-69-DRS	SA/GR		2023-05-17	yes	JarJar BINKS	0	0
JAR-69-MGE	SA/GR		2023-05-17	yes	JarJar BINKS	0	0
JAR-7-DRS	SA		2023-03-16	yes	JarJar BINKS	0	0
JAR-7-MGE	SA		2023-03-16	yes	JarJar BINKS	0	0
JAR-70-DRS	SA		2023-05-18	yes	JarJar BINKS	1	0
JAR-70-MGE	SA		2023-05-18	yes	JarJar BINKS	1	0
JAR-9-DRS	SA		2023-03-18	yes	JarJar BINKS	1	0
JAR-9-MGE	SA		2023-03-18	yes	JarJar BINKS	1	0
JOA-1-DRS	SA		2023-03-10	yes	Joans	1	0
JOA-1-MGE	SA		2023-03-10	yes	Joans	1	0
JOA-11-DRS	SA		2023-03-20	yes	Joans	0	0
JOA-11-MGE	SA		2023-03-20	yes	Joans	1	0
JOA-14-DRS	SA/GR		2023-03-23	yes	Joans	1	0
JOA-14-MGE	SA/GR		2023-03-23	yes	Joans	1	1
JOA-17-DRS	SA		2023-03-26	yes	Joans	0	0
JOA-17-MGE	SA		2023-03-26	yes	Joans	0	0
JOA-2-DRS	SA		2023-03-11	yes	Joans	1	0
JOA-2-MGE	SA		2023-03-11	yes	Joans	1	0
JOA-21-DRS	SA		2023-03-30	yes	Joans	1	0
JOA-21-MGE	SA		2023-03-30	yes	Joans	1	1
JOA-22-DRS	SA/GR		2023-03-31	yes	Joans	0	0
JOA-22-MGE	SA/GR		2023-03-31	yes	Joans	1	0
JOA-24-DRS	SA		2023-04-02	yes	Joans	0	0
JOA-24-MGE	SA		2023-04-02	yes	Joans	1	0
JOA-25-DRS	SA/GR		2023-04-03	yes	Joans	1	0
JOA-25-MGE	SA/GR		2023-04-03	yes	Joans	1	0
JOA-27-DRS	SA/GR		2023-04-05	yes	Joans	0	0
JOA-27-MGE	SA/GR		2023-04-05	yes	Joans	0	0
JOA-28-DRS	SA		2023-04-06	yes	Joans	0	0
JOA-28-MGE	SA		2023-04-06	yes	Joans	1	0
JOA-29-DRS	SA/GR		2023-04-07	yes	Joans	1	0
JOA-29-MGE	SA/GR		2023-04-07	yes	Joans	1	1
JOA-3-DRS	SA		2023-03-12	yes	Joans	1	0
JOA-3-MGE	SA		2023-03-12	yes	Joans	1	2
JOA-30-DRS	SA		2023-04-08	yes	Joans	0	0
JOA-30-MGE	SA		2023-04-08	yes	Joans	0	0
JOA-32-DRS	SA/GR		2023-04-10	yes	Joans	0	0
JOA-32-MGE	SA/GR		2023-04-10	yes	Joans	0	0
JOA-34-DRS	SA/GR		2023-04-12	yes	Joans	0	0
JOA-34-MGE	SA/GR		2023-04-12	yes	Joans	0	0
JOA-35-DRS	SA		2023-04-13	yes	Joans	0	0
JOA-35-MGE	SA		2023-04-13	yes	Joans	0	0
JOA-36-MGE	SA/GR		2023-04-14	yes	Joans	1	1
JOA-37-MGE	SA		2023-04-15	yes	Joans	0	0
JOA-38-MGE	SA		2023-04-16	yes	Joans	0	0
JOA-39-MGE	SA/GR		2023-04-17	yes	Joans	0	0
JOA-4-DRS	SA		2023-03-13	yes	Joans	0	0
JOA-4-MGE	SA		2023-03-13	yes	Joans	0	0
JOA-41-DRS	SA		2023-04-19	yes	Joans	1	1
JOA-41-MGE	SA		2023-04-19	yes	Joans	1	1
JOA-42-DRS	SA		2023-04-20	yes	Joans	0	0
JOA-42-MGE	SA		2023-04-20	no		0	0
JOA-43-DRS	SA/GR		2023-04-21	yes	Joans	1	0
JOA-43-MGE	SA/GR		2023-04-21	yes	Joans	1	0
JOA-44-DRS	SA		2023-04-22	yes	Joans	1	0
JOA-44-MGE	SA		2023-04-22	yes	Joans	1	1
JOA-45-DRS	SA		2023-04-23	yes	Joans	0	0
JOA-45-MGE	SA		2023-04-23	yes	Joans	1	0
JOA-46-DRS	SA/GR		2023-04-24	yes	Joans	0	0
JOA-46-MGE	SA/GR		2023-04-24	yes	Joans	1	0
JOA-47-DRS	SA		2023-04-25	yes	Joans	0	0
JOA-47-MGE	SA		2023-04-25	yes	Joans	0	0
JOA-48-DRS	SA/GR		2023-04-26	yes	Joans	0	0
JOA-48-MGE	SA/GR		2023-04-26	yes	Joans	1	0
JOA-49-DRS	SA		2023-04-27	yes	Joans	0	0
JOA-49-MGE	SA		2023-04-27	yes	Joans	1	1
JOA-50-DRS	SA/GR		2023-04-28	yes	Joans	0	0
JOA-50-MGE	SA/GR		2023-04-28	yes	Joans	1	0
JOA-51-DRS	SA		2023-04-29	yes	Joans	1	0
JOA-51-MGE	SA		2023-04-29	yes	Joans	1	1
JOA-52-DRS	SA		2023-04-30	yes	Joans	0	0
JOA-52-MGE	SA		2023-04-30	yes	Joans	0	0
JOA-53-DRS	SA/GR		2023-05-01	yes	Joans	0	0
JOA-53-MGE	SA/GR		2023-05-01	yes	Joans	0	0
JOA-54-DRS	SA		2023-05-02	yes	Joans	0	0
JOA-54-MGE	SA		2023-05-02	yes	Joans	0	0
JOA-55-DRS	SA/GR		2023-05-03	yes	Joans	0	0
JOA-55-MGE	SA/GR		2023-05-03	yes	Joans	0	0
JOA-56-DRS	SA		2023-05-04	yes	Joans	0	0
JOA-56-MGE	SA		2023-05-04	yes	Joans	1	0
JOA-57-DRS	SA		2023-05-05	yes	Joans	2	0
JOA-57-MGE	SA		2023-05-05	yes	Joans	2	1
JOA-58-DRS	SA		2023-05-06	yes	Joans	0	0
JOA-58-MGE	SA		2023-05-06	yes	Joans	0	0
JOA-59-DRS	SA		2023-05-07	yes	Joans	0	0
JOA-59-MGE	SA		2023-05-07	yes	Joans	0	0
JOA-6-DRS	SA		2023-03-15	yes	Joans	0	0
JOA-6-MGE	SA		2023-03-15	yes	Joans	0	0
JOA-60-DRS	SA/GR		2023-05-08	yes	Joans	0	0
JOA-60-MGE	SA/GR		2023-05-08	yes	Joans	1	0
JOA-61-DRS	SA		2023-05-09	yes	Joans	0	0
JOA-61-MGE	SA		2023-05-09	yes	Joans	0	0
JOA-62-DRS	SA		2023-05-10	yes	Joans	0	0
JOA-62-MGE	SA		2023-05-10	yes	Joans	1	1
JOA-65-DRS	SA		2023-05-13	yes	Joans	0	0
JOA-65-MGE	SA		2023-05-13	yes	Joans	0	0
JOA-66-DRS	SA		2023-05-14	yes	Joans	1	0
JOA-66-MGE	SA		2023-05-14	yes	Joans	1	0
JOA-69-DRS	SA/GR		2023-05-17	yes	Joans	0	0
JOA-69-MGE	SA/GR		2023-05-17	yes	Joans	0	0
JOA-7-DRS	SA		2023-03-16	yes	Joans	0	0
JOA-7-MGE	SA		2023-03-16	yes	Joans	0	0
JOA-70-DRS	SA		2023-05-18	yes	Joans	2	0
JOA-70-MGE	SA		2023-05-18	yes	Joans	2	0
JOA-9-DRS	SA		2023-03-18	yes	Joans	0	0
JOA-9-MGE	SA		2023-03-18	yes	Joans	0	0
KOR-11-DRS	SA		2023-03-20	yes	Korra	0	0
KOR-11-MGE	SA		2023-03-20	yes	Korra	0	0
KOR-14-DRS	SA/GR		2023-03-23	yes	Korra	0	0
KOR-14-MGE	SA/GR		2023-03-23	yes	Korra	1	0
KOR-15-MGE	SA		2023-03-24	yes	Korra	1	0
KOR-16-DRS	SA		2023-03-25	yes	Korra	1	0
KOR-16-MGE	SA		2023-03-25	yes	Korra	1	0
KOR-17-DRS	SA		2023-03-26	yes	Korra	1	0
KOR-17-MGE	SA		2023-03-26	yes	Korra	1	0
KOR-18-DRS	SA/GR		2023-03-27	yes	Korra	0	0
KOR-18-MGE	SA/GR		2023-03-27	yes	Korra	0	0
KOR-20-DRS	SA		2023-03-29	yes	Korra	1	1
KOR-20-MGE	SA		2023-03-29	yes	Korra	0	0
KOR-21-DRS	SA		2023-03-30	yes	Korra	0	0
KOR-21-MGE	SA		2023-03-30	yes	Korra	1	1
KOR-22-DRS	SA/GR		2023-03-31	yes	Korra	0	0
KOR-22-MGE	SA/GR		2023-03-31	yes	Korra	1	0
KOR-23-DRS	SA		2023-04-01	yes	Korra	0	0
KOR-23-MGE	SA		2023-04-01	yes	Korra	1	0
KOR-24-DRS	SA		2023-04-02	yes	Korra	0	0
KOR-24-MGE	SA		2023-04-02	yes	Korra	0	0
KOR-25-DRS	SA/GR		2023-04-03	yes	Korra	0	0
KOR-25-MGE	SA/GR		2023-04-03	yes	Korra	1	0
KOR-27-DRS	SA/GR		2023-04-05	yes	Korra	0	0
KOR-27-MGE	SA/GR		2023-04-05	yes	Korra	0	0
KOR-28-DRS	SA		2023-04-06	yes	Korra	0	0
KOR-28-MGE	SA		2023-04-06	yes	Korra	0	0
KOR-29-DRS	SA/GR		2023-04-07	yes	Korra	1	0
KOR-29-MGE	SA/GR		2023-04-07	yes	Korra	1	1
KOR-3-DRS	SA		2023-03-12	yes	Korra	1	0
KOR-3-MGE	SA		2023-03-12	yes	Korra	1	0
KOR-30-DRS	SA		2023-04-08	yes	Korra	0	0
KOR-30-MGE	SA		2023-04-08	yes	Korra	0	0
KOR-31-DRS	SA		2023-04-09	yes	Korra	0	0
KOR-31-MGE	SA		2023-04-09	yes	Korra	0	0
KOR-32-DRS	SA/GR		2023-04-10	yes	Korra	0	0
KOR-32-MGE	SA/GR		2023-04-10	yes	Korra	0	0
KOR-33-DRS	SA		2023-04-11	yes	Korra	0	0
KOR-33-MGE	SA		2023-04-11	yes	Korra	0	0
KOR-34-DRS	SA/GR		2023-04-12	yes	Korra	0	0
KOR-34-MGE	SA/GR		2023-04-12	yes	Korra	0	0
KOR-35-DRS	SA		2023-04-13	yes	Korra	0	0
KOR-35-MGE	SA		2023-04-13	yes	Korra	0	0
KOR-36-MGE	SA/GR		2023-04-14	yes	Korra	1	0
KOR-37-MGE	SA		2023-04-15	yes	Korra	0	0
KOR-38-MGE	SA		2023-04-16	yes	Korra	0	0
KOR-39-MGE	SA/GR		2023-04-17	yes	Korra	0	0
KOR-4-DRS	SA		2023-03-13	yes	Korra	0	0
KOR-4-MGE	SA		2023-03-13	yes	Korra	0	0
KOR-41-DRS	SA		2023-04-19	yes	Korra	1	0
KOR-41-MGE	SA		2023-04-19	yes	Korra	1	0
KOR-43-DRS	SA/GR		2023-04-21	yes	Korra	1	0
KOR-43-MGE	SA/GR		2023-04-21	yes	Korra	1	0
KOR-44-DRS	SA		2023-04-22	yes	Korra	1	1
KOR-44-MGE	SA		2023-04-22	yes	Korra	1	2
KOR-45-DRS	SA		2023-04-23	yes	Korra	0	0
KOR-45-MGE	SA		2023-04-23	yes	Korra	1	0
KOR-46-DRS	SA/GR		2023-04-24	yes	Korra	0	0
KOR-46-MGE	SA/GR		2023-04-24	yes	Korra	1	0
KOR-48-DRS	SA/GR		2023-04-26	yes	Korra	0	0
KOR-48-MGE	SA/GR		2023-04-26	yes	Korra	1	1
KOR-49-DRS	SA		2023-04-27	yes	Korra	0	0
KOR-49-MGE	SA		2023-04-27	yes	Korra	1	1
KOR-50-DRS	SA/GR		2023-04-28	yes	Korra	0	0
KOR-50-MGE	SA/GR		2023-04-28	yes	Korra	1	0
KOR-52-DRS	SA		2023-04-30	yes	Korra	0	0
KOR-52-MGE	SA		2023-04-30	yes	Korra	0	0
KOR-53-DRS	SA/GR		2023-05-01	yes	Korra	0	0
KOR-53-MGE	SA/GR		2023-05-01	yes	Korra	0	0
KOR-55-DRS	SA/GR		2023-05-03	yes	Korra	0	0
KOR-55-MGE	SA/GR		2023-05-03	yes	Korra	0	0
KOR-56-DRS	SA		2023-05-04	yes	Korra	0	0
KOR-56-MGE	SA		2023-05-04	yes	Korra	0	0
KOR-57-DRS	SA		2023-05-05	yes	Korra	1	0
KOR-57-MGE	SA		2023-05-05	yes	Korra	1	0
KOR-58-DRS	SA		2023-05-06	yes	Korra	1	0
KOR-58-MGE	SA		2023-05-06	yes	Korra	1	2
KOR-59-DRS	SA		2023-05-07	yes	Korra	0	0
KOR-59-MGE	SA		2023-05-07	yes	Korra	0	0
KOR-6-DRS	SA		2023-03-15	yes	Korra	1	1
KOR-6-MGE	SA		2023-03-15	yes	Korra	1	1
KOR-60-DRS	SA/GR		2023-05-08	yes	Korra	0	0
KOR-60-MGE	SA/GR		2023-05-08	yes	Korra	0	0
KOR-61-DRS	SA		2023-05-09	yes	Korra	0	0
KOR-61-MGE	SA		2023-05-09	yes	Korra	0	0
KOR-62-DRS	SA		2023-05-10	yes	Korra	0	0
KOR-62-MGE	SA		2023-05-10	yes	Korra	0	0
KOR-63-DRS	SA		2023-05-11	yes	Korra	0	0
KOR-63-MGE	SA		2023-05-11	yes	Korra	0	0
KOR-64-DRS	SA/GR		2023-05-12	yes	Korra	0	0
KOR-64-MGE	SA/GR		2023-05-12	yes	Korra	0	0
KOR-65-DRS	SA		2023-05-13	yes	Korra	0	0
KOR-65-MGE	SA		2023-05-13	yes	Korra	0	0
KOR-66-DRS	SA		2023-05-14	yes	Korra	1	0
KOR-66-MGE	SA		2023-05-14	yes	Korra	1	0
KOR-67-DRS	SA/GR		2023-05-15	yes	Korra	0	0
KOR-67-MGE	SA/GR		2023-05-15	yes	Korra	0	0
KOR-68-DRS	SA		2023-05-16	yes	Korra	0	0
KOR-68-MGE	SA		2023-05-16	yes	Korra	0	0
KOR-69-DRS	SA/GR		2023-05-17	yes	Korra	0	0
KOR-69-MGE	SA/GR		2023-05-17	yes	Korra	0	0
KOR-70-DRS	SA		2023-05-18	yes	Korra	1	0
KOR-70-MGE	SA		2023-05-18	yes	Korra	1	0
KOR-9-DRS	SA		2023-03-18	yes	Korra	0	0
KOR-9-MGE	SA		2023-03-18	yes	Korra	1	0
KUB-11-DRS	SA		2023-03-20	yes	Kubo	0	0
KUB-11-MGE	SA		2023-03-20	yes	Kubo	0	0
KUB-14-DRS	SA/GR		2023-03-23	yes	Kubo	1	0
KUB-14-MGE	SA/GR		2023-03-23	yes	Kubo	1	1
KUB-15-MGE	SA		2023-03-24	yes	Kubo	1	1
KUB-16-DRS	SA		2023-03-25	yes	Kubo	1	0
KUB-16-MGE	SA		2023-03-25	yes	Kubo	1	0
KUB-17-DRS	SA		2023-03-26	yes	Kubo	0	0
KUB-17-MGE	SA		2023-03-26	yes	Kubo	1	0
KUB-18-DRS	SA/GR		2023-03-27	yes	Kubo	0	0
KUB-18-MGE	SA/GR		2023-03-27	yes	Kubo	1	0
KUB-20-DRS	SA		2023-03-29	yes	Kubo	0	0
KUB-20-MGE	SA		2023-03-29	yes	Kubo	1	1
KUB-21-DRS	SA		2023-03-30	yes	Kubo	0	0
KUB-21-MGE	SA		2023-03-30	yes	Kubo	1	1
KUB-22-DRS	SA/GR		2023-03-31	yes	Kubo	0	0
KUB-22-MGE	SA/GR		2023-03-31	yes	Kubo	1	0
KUB-24-DRS	SA		2023-04-02	yes	Kubo	0	0
KUB-24-MGE	SA		2023-04-02	yes	Kubo	1	1
KUB-25-DRS	SA/GR		2023-04-03	yes	Kubo	0	0
KUB-25-MGE	SA/GR		2023-04-03	yes	Kubo	1	0
KUB-27-DRS	SA/GR		2023-04-05	yes	Kubo	0	0
KUB-27-MGE	SA/GR		2023-04-05	yes	Kubo	0	0
KUB-28-DRS	SA		2023-04-06	yes	Kubo	0	0
KUB-28-MGE	SA		2023-04-06	yes	Kubo	0	0
KUB-29-DRS	SA/GR		2023-04-07	yes	Kubo	1	0
KUB-29-MGE	SA/GR		2023-04-07	yes	Kubo	1	0
KUB-3-DRS	SA		2023-03-12	yes	Kubo	0	0
KUB-3-MGE	SA		2023-03-12	yes	Kubo	0	0
KUB-30-DRS	SA		2023-04-08	yes	Kubo	1	0
KUB-30-MGE	SA		2023-04-08	yes	Kubo	1	1
KUB-31-DRS	SA		2023-04-09	yes	Kubo	0	0
KUB-31-MGE	SA		2023-04-09	yes	Kubo	0	0
KUB-32-DRS	SA/GR		2023-04-10	yes	Kubo	0	0
KUB-32-MGE	SA/GR		2023-04-10	yes	Kubo	0	0
KUB-33-DRS	SA		2023-04-11	yes	Kubo	0	0
KUB-33-MGE	SA		2023-04-11	yes	Kubo	0	0
KUB-34-DRS	SA/GR		2023-04-12	yes	Kubo	0	0
KUB-34-MGE	SA/GR		2023-04-12	yes	Kubo	0	0
KUB-35-DRS	SA		2023-04-13	yes	Kubo	0	0
KUB-35-MGE	SA		2023-04-13	yes	Kubo	0	0
KUB-36-MGE	SA/GR		2023-04-14	yes	Kubo	1	0
KUB-37-MGE	SA		2023-04-15	yes	Kubo	1	1
KUB-38-MGE	SA		2023-04-16	yes	Kubo	0	0
KUB-39-MGE	SA/GR		2023-04-17	yes	Kubo	0	0
KUB-4-DRS	SA		2023-03-13	yes	Kubo	0	0
KUB-4-MGE	SA		2023-03-13	yes	Kubo	0	0
KUB-41-DRS	SA		2023-04-19	yes	Kubo	1	0
KUB-41-MGE	SA		2023-04-19	yes	Kubo	1	0
KUB-43-DRS	SA/GR		2023-04-21	yes	Kubo	1	0
KUB-43-MGE	SA/GR		2023-04-21	yes	Kubo	1	0
KUB-44-DRS	SA		2023-04-22	yes	Kubo	1	0
KUB-44-MGE	SA		2023-04-22	yes	Kubo	1	0
KUB-45-DRS	SA		2023-04-23	yes	Kubo	0	0
KUB-45-MGE	SA		2023-04-23	yes	Kubo	1	0
KUB-46-DRS	SA/GR		2023-04-24	yes	Kubo	0	0
KUB-46-MGE	SA/GR		2023-04-24	yes	Kubo	0	0
KUB-48-DRS	SA/GR		2023-04-26	yes	Kubo	1	0
KUB-48-MGE	SA/GR		2023-04-26	yes	Kubo	1	1
KUB-49-DRS	SA		2023-04-27	yes	Kubo	0	0
KUB-49-MGE	SA		2023-04-27	yes	Kubo	1	0
KUB-50-DRS	SA/GR		2023-04-28	yes	Kubo	0	0
KUB-50-MGE	SA/GR		2023-04-28	yes	Kubo	1	1
KUB-52-DRS	SA		2023-04-30	yes	Kubo	0	0
KUB-52-MGE	SA		2023-04-30	yes	Kubo	1	0
KUB-53-DRS	SA/GR		2023-05-01	yes	Kubo	0	0
KUB-53-MGE	SA/GR		2023-05-01	yes	Kubo	1	0
KUB-55-DRS	SA/GR		2023-05-03	yes	Kubo	0	0
KUB-55-MGE	SA/GR		2023-05-03	yes	Kubo	0	0
KUB-56-DRS	SA		2023-05-04	yes	Kubo	0	0
KUB-56-MGE	SA		2023-05-04	yes	Kubo	0	0
KUB-57-DRS	SA		2023-05-05	yes	Kubo	1	0
KUB-58-DRS	SA		2023-05-06	yes	Kubo	1	1
KUB-58-MGE	SA		2023-05-05	yes	Kubo	1	2
KUB-58-MGE	SA		2023-05-06	yes	Kubo	1	2
KUB-59-DRS	SA		2023-05-07	yes	Kubo	1	0
KUB-59-MGE	SA		2023-05-07	yes	Kubo	1	0
KUB-60-DRS	SA/GR		2023-05-08	yes	Kubo	0	0
KUB-60-MGE	SA/GR		2023-05-08	yes	Kubo	0	0
KUB-61-DRS	SA		2023-05-09	yes	Kubo	0	0
KUB-61-MGE	SA		2023-05-09	yes	Kubo	0	0
KUB-62-DRS	SA		2023-05-10	yes	Kubo	0	0
KUB-62-MGE	SA		2023-05-10	yes	Kubo	0	0
KUB-63-DRS	SA		2023-05-11	yes	Kubo	0	0
KUB-63-MGE	SA		2023-05-11	yes	Kubo	0	0
KUB-64-DRS	SA/GR		2023-05-12	yes	Kubo	0	0
KUB-64-MGE	SA/GR		2023-05-12	yes	Kubo	0	0
KUB-65-DRS	SA		2023-05-13	yes	Kubo	0	0
KUB-65-MGE	SA		2023-05-13	yes	Kubo	0	0
KUB-66-DRS	SA		2023-05-14	yes	Kubo	1	0
KUB-66-MGE	SA		2023-05-14	yes	Kubo	1	0
KUB-67-DRS	SA/GR		2023-05-15	yes	Kubo	0	0
KUB-67-MGE	SA/GR		2023-05-15	yes	Kubo	0	0
KUB-68-DRS	SA		2023-05-16	yes	Kubo	0	0
KUB-68-MGE	SA		2023-05-16	yes	Kubo	0	0
KUB-69-DRS	SA/GR		2023-05-17	yes	Kubo	0	0
KUB-69-MGE	SA/GR		2023-05-17	yes	Kubo	0	0
KUB-70-DRS	SA		2023-05-18	yes	Kubo	1	0
KUB-70-MGE	SA		2023-05-18	yes	Kubo	1	0
KUB-9-DRS	SA		2023-03-18	yes	Kubo	1	0
KUB-9-MGE	SA		2023-03-18	yes	Kubo	1	0
LAM-1-DRS	SA		2023-03-10	yes	Lambchop	2	0
LAM-1-MGE	SA		2023-03-10	yes	Lambchop	2	0
LAM-11-DRS	SA		2023-03-20	yes	Lambchop	0	0
LAM-11-MGE	SA		2023-03-20	yes	Lambchop	0	0
LAM-14-DRS	SA/GR		2023-03-23	yes	Lambchop	0	0
LAM-14-MGE	SA/GR		2023-03-23	yes	Lambchop	0	0
LAM-15-MGE	SA		2023-03-24	yes	Lambchop	1	0
LAM-17-DRS	SA		2023-03-26	yes	Lambchop	0	0
LAM-17-MGE	SA		2023-03-26	yes	Lambchop	1	0
LAM-18-DRS	SA/GR		2023-03-27	yes	Lambchop	1	0
LAM-18-MGE	SA/GR		2023-03-27	yes	Lambchop	1	1
LAM-2-DRS	SA		2023-03-11	yes	Lambchop	1	2
LAM-2-MGE	SA		2023-03-11	yes	Lambchop	1	2
LAM-20-DRS	SA		2023-03-29	yes	Lambchop	0	0
LAM-20-MGE	SA		2023-03-29	yes	Lambchop	1	0
LAM-22-DRS	SA/GR		2023-03-31	yes	Lambchop	0	0
LAM-22-MGE	SA/GR		2023-03-31	yes	Lambchop	0	0
LAM-24-DRS	SA		2023-04-02	yes	Lambchop	0	0
LAM-24-MGE	SA		2023-04-02	yes	Lambchop	0	0
LAM-25-DRS	SA/GR		2023-04-03	yes	Lambchop	0	0
LAM-25-MGE	SA/GR		2023-04-03	yes	Lambchop	1	1
LAM-27-DRS	SA/GR		2023-04-05	yes	Lambchop	0	0
LAM-27-MGE	SA/GR		2023-04-05	yes	Lambchop	0	0
LAM-29-DRS	SA/GR		2023-04-07	yes	Lambchop	0	0
LAM-29-MGE	SA/GR		2023-04-07	yes	Lambchop	0	0
LAM-3-DRS	SA		2023-03-12	yes	Lambchop	1	0
LAM-3-MGE	SA		2023-03-12	yes	Lambchop	1	0
LAM-30-DRS	SA		2023-04-08	yes	Lambchop	0	0
LAM-30-MGE	SA		2023-04-08	yes	Lambchop	0	0
LAM-31-DRS	SA	See notes on Notion for Room F	2023-04-09	yes	Lambchop	0	0
LAM-31-MGE	SA	See notes on Notion for Room F	2023-04-09	yes	Lambchop	0	0
LAM-32-DRS	SA/GR		2023-04-10	yes	Lambchop	0	0
LAM-32-MGE	SA/GR		2023-04-10	yes	Lambchop	0	0
LAM-33-DRS	SA		2023-04-11	yes	Lambchop	0	0
LAM-33-MGE	SA		2023-04-11	yes	Lambchop	0	0
LAM-34-DRS	SA/GR		2023-04-12	yes	Lambchop	0	0
LAM-34-MGE	SA/GR		2023-04-12	yes	Lambchop	0	0
LAM-35-DRS	SA		2023-04-13	yes	Lambchop	0	0
LAM-35-MGE	SA		2023-04-13	yes	Lambchop	0	0
LAM-36-MGE	SA/GR		2023-04-14	yes	Lambchop	1	0
LAM-37-MGE	SA		2023-04-15	yes	Lambchop	1	1
LAM-38-MGE	SA		2023-04-16	yes	Lambchop	0	0
LAM-39-MGE	SA/GR		2023-04-17	yes	Lambchop	0	0
LAM-4-DRS	SA		2023-03-13	yes	Lambchop	0	0
LAM-4-MGE	SA		2023-03-13	yes	Lambchop	0	0
LAM-41-DRS	SA		2023-04-19	yes	Lambchop	1	0
LAM-41-MGE	SA		2023-04-19	yes	Lambchop	1	0
LAM-42-DRS	SA		2023-04-20	yes	Lambchop	1	0
LAM-42-MGE	SA		2023-04-20	no		1	0
LAM-43-DRS	SA/GR		2023-04-21	yes	Lambchop	1	0
LAM-43-MGE	SA/GR		2023-04-21	yes	Lambchop	1	0
LAM-44-DRS	SA		2023-04-22	yes	Lambchop	1	1
LAM-44-MGE	SA		2023-04-22	yes	Lambchop	1	0
LAM-45-DRS	SA		2023-04-23	yes	Lambchop	0	0
LAM-45-MGE	SA		2023-04-23	yes	Lambchop	0	0
LAM-46-DRS	SA/GR		2023-04-24	yes	Lambchop	0	0
LAM-46-MGE	SA/GR		2023-04-24	yes	Lambchop	1	1
LAM-48-DRS	SA/GR		2023-04-26	yes	Lambchop	1	0
LAM-48-MGE	SA/GR		2023-04-26	yes	Lambchop	1	1
LAM-49-DRS	SA		2023-04-27	yes	Lambchop	0	0
LAM-49-MGE	SA		2023-04-27	yes	Lambchop	0	0
LAM-50-DRS	SA/GR		2023-04-28	yes	Lambchop	1	0
LAM-50-MGE	SA/GR		2023-04-28	yes	Lambchop	1	1
LAM-51-DRS	SA		2023-04-29	yes	Lambchop	0	0
LAM-51-MGE	SA		2023-04-29	yes	Lambchop	1	0
LAM-52-DRS	SA		2023-04-30	yes	Lambchop	0	0
LAM-52-MGE	SA		2023-04-30	yes	Lambchop	0	0
LAM-53-DRS	SA/GR		2023-05-01	yes	Lambchop	0	0
LAM-53-MGE	SA/GR		2023-05-01	yes	Lambchop	0	0
LAM-55-DRS	SA/GR		2023-05-03	yes	Lambchop	0	0
LAM-55-MGE	SA/GR		2023-05-03	yes	Lambchop	1	0
LAM-56-DRS	SA		2023-05-04	yes	Lambchop	0	0
LAM-56-MGE	SA		2023-05-04	yes	Lambchop	0	0
LAM-57-DRS	SA		2023-05-05	yes	Lambchop	1	0
LAM-57-MGE	SA		2023-05-05	yes	Lambchop	1	0
LAM-58-DRS	SA		2023-05-06	yes	Lambchop	0	0
LAM-58-MGE	SA		2023-05-06	yes	Lambchop	0	0
LAM-59-DRS	SA		2023-05-07	yes	Lambchop	0	0
LAM-59-MGE	SA		2023-05-07	yes	Lambchop	0	0
LAM-6-DRS	SA		2023-03-15	yes	Lambchop	0	0
LAM-6-MGE	SA		2023-03-15	yes	Lambchop	0	0
LAM-60-DRS	SA/GR		2023-05-08	yes	Lambchop	0	0
LAM-60-MGE	SA/GR		2023-05-08	yes	Lambchop	0	0
LAM-61-DRS	SA		2023-05-09	yes	Lambchop	0	0
LAM-61-MGE	SA		2023-05-09	yes	Lambchop	0	0
LAM-62-DRS	SA		2023-05-10	yes	Lambchop	0	0
LAM-62-MGE	SA		2023-05-10	yes	Lambchop	0	0
LAM-64-DRS	SA/GR		2023-05-12	yes	Lambchop	0	0
LAM-64-MGE	SA/GR		2023-05-12	yes	Lambchop	0	0
LAM-65-DRS	SA		2023-05-13	yes	Lambchop	0	0
LAM-65-MGE	SA		2023-05-13	yes	Lambchop	0	0
LAM-66-DRS	SA		2023-05-14	yes	Lambchop	1	0
LAM-66-MGE	SA		2023-05-14	yes	Lambchop	1	0
LAM-67-DRS	SA/GR		2023-05-15	yes	Lambchop	1	0
LAM-67-MGE	SA/GR		2023-05-15	yes	Lambchop	1	0
LAM-68-DRS	SA		2023-05-16	yes	Lambchop	0	0
LAM-68-MGE	SA		2023-05-16	yes	Lambchop	0	0
LAM-69-DRS	SA/GR		2023-05-17	yes	Lambchop	0	0
LAM-69-MGE	SA/GR		2023-05-17	yes	Lambchop	0	0
LAM-7-DRS	SA		2023-03-16	yes	Lambchop	0	0
LAM-7-MGE	SA		2023-03-16	yes	Lambchop	0	0
LAM-70-DRS	SA		2023-05-18	yes	Lambchop	1	1
LAM-70-MGE	SA		2023-05-18	yes	Lambchop	1	1
LAM-9-DRS	SA		2023-03-18	yes	Lambchop	0	0
LAM-9-MGE	SA		2023-03-18	yes	Lambchop	0	0
MAR-17-DRS	SA		2023-03-26	yes	Marshmallow	1	0
MAR-17-MGE	SA		2023-03-26	yes	Marshmallow	1	0
MAR-22-DRS	SA/GR		2023-03-31	yes	Marshmallow	0	0
MAR-22-MGE	SA/GR		2023-03-31	yes	Marshmallow	1	0
MAR-24-DRS	SA		2023-04-02	yes	Marshmallow	1	1
MAR-24-MGE	SA		2023-04-02	yes	Marshmallow	1	0
MAR-25-DRS	SA/GR		2023-04-03	yes	Marshmallow	0	0
MAR-25-MGE	SA/GR		2023-04-03	yes	Marshmallow	1	0
MAR-27-DRS	SA/GR		2023-04-05	yes	Marshmallow	0	0
MAR-27-MGE	SA/GR		2023-04-05	yes	Marshmallow	0	0
MAR-28-DRS	SA		2023-04-06	yes	Marshmallow	0	0
MAR-28-MGE	SA		2023-04-06	yes	Marshmallow	0	0
MAR-29-DRS	SA/GR		2023-04-07	yes	Marshmallow	1	0
MAR-29-MGE	SA/GR		2023-04-07	yes	Marshmallow	1	0
MAR-3-DRS	SA		2023-03-12	yes	Marshmallow	0	0
MAR-3-MGE	SA		2023-03-12	yes	Marshmallow	0	0
MAR-30-DRS	SA		2023-04-08	yes	Marshmallow	0	0
MAR-30-MGE	SA		2023-04-08	yes	Marshmallow	0	0
MAR-31-DRS	SA	See notes on Notion for Room F	2023-04-09	yes	Marshmallow	0	0
MAR-31-MGE	SA	See notes on Notion for Room F	2023-04-09	yes	Marshmallow	0	0
MAR-32-DRS	SA/GR		2023-04-10	yes	Marshmallow	0	0
MAR-32-MGE	SA/GR		2023-04-10	yes	Marshmallow	0	0
MAR-34-DRS	SA/GR		2023-04-12	yes	Marshmallow	0	0
MAR-34-MGE	SA/GR		2023-04-12	yes	Marshmallow	0	0
MAR-35-DRS	SA		2023-04-13	yes	Marshmallow	0	0
MAR-35-MGE	SA		2023-04-13	yes	Marshmallow	0	0
MAR-36-MGE	SA/GR		2023-04-14	yes	Marshmallow	1	1
MAR-37-MGE	SA		2023-04-15	yes	Marshmallow	1	2
MAR-38-MGE	SA		2023-04-16	yes	Marshmallow	0	0
MAR-39-MGE	SA/GR		2023-04-17	yes	Marshmallow	0	0
MAR-41-DRS	SA		2023-04-19	yes	Marshmallow	1	0
MAR-41-MGE	SA		2023-04-19	yes	Marshmallow	1	2
MAR-42-DRS	SA		2023-04-20	yes	Marshmallow	0	0
MAR-42-MGE	SA		2023-04-20	no		0	0
MAR-43-DRS	SA/GR		2023-04-21	yes	Marshmallow	1	0
MAR-43-MGE	SA/GR		2023-04-21	yes	Marshmallow	1	0
MAR-44-DRS	SA		2023-04-22	yes	Marshmallow	1	0
MAR-44-MGE	SA		2023-04-22	yes	Marshmallow	1	1
MAR-45-DRS	SA		2023-04-23	yes	Marshmallow	0	0
MAR-45-MGE	SA		2023-04-23	yes	Marshmallow	1	0
MAR-46-DRS	SA/GR		2023-04-24	yes	Marshmallow	0	0
MAR-46-MGE	SA/GR		2023-04-24	yes	Marshmallow	1	0
MAR-47-DRS	SA		2023-04-25	yes	Marshmallow	0	0
MAR-47-MGE	SA		2023-04-25	yes	Marshmallow	1	0
MAR-48-DRS	SA/GR		2023-04-26	yes	Marshmallow	0	0
MAR-48-MGE	SA/GR		2023-04-26	yes	Marshmallow	1	1
MAR-49-DRS	SA		2023-04-27	yes	Marshmallow	0	0
MAR-49-MGE	SA		2023-04-27	yes	Marshmallow	1	1
MAR-50-DRS	SA/GR		2023-04-28	yes	Marshmallow	0	0
MAR-50-MGE	SA/GR		2023-04-28	yes	Marshmallow	0	0
MAR-51-DRS	SA		2023-04-29	yes	Marshmallow	0	0
MAR-51-MGE	SA		2023-04-29	yes	Marshmallow	0	0
MAR-52-DRS	SA		2023-04-30	yes	Marshmallow	0	0
MAR-52-MGE	SA		2023-04-30	yes	Marshmallow	1	0
MAR-53-DRS	SA/GR		2023-05-01	yes	Marshmallow	0	0
MAR-53-MGE	SA/GR		2023-05-01	yes	Marshmallow	1	0
MAR-54-DRS	SA		2023-05-02	yes	Marshmallow	0	0
MAR-54-MGE	SA		2023-05-02	yes	Marshmallow	0	0
MAR-55-DRS	SA/GR		2023-05-03	yes	Marshmallow	0	0
MAR-55-MGE	SA/GR		2023-05-03	yes	Marshmallow	0	0
MAR-56-DRS	SA		2023-05-04	yes	Marshmallow	0	0
MAR-56-MGE	SA		2023-05-04	yes	Marshmallow	0	0
MAR-57-DRS	SA		2023-05-05	yes	Marshmallow	1	0
MAR-57-MGE	SA		2023-05-05	yes	Marshmallow	1	0
MAR-58-DRS	SA		2023-05-06	yes	Marshmallow	0	0
MAR-58-MGE	SA		2023-05-06	yes	Marshmallow	0	0
MAR-59-DRS	SA		2023-05-07	yes	Marshmallow	0	0
MAR-59-MGE	SA		2023-05-07	yes	Marshmallow	0	0
MAR-6-DRS	SA		2023-03-15	yes	Marshmallow	0	0
MAR-6-MGE	SA		2023-03-15	yes	Marshmallow	0	0
MAR-60-DRS	SA/GR		2023-05-08	yes	Marshmallow	1	0
MAR-60-MGE	SA/GR		2023-05-08	yes	Marshmallow	1	1
MAR-61-DRS	SA		2023-05-09	yes	Marshmallow	0	0
MAR-61-MGE	SA		2023-05-09	yes	Marshmallow	0	0
MAR-62-DRS	SA		2023-05-10	yes	Marshmallow	0	0
MAR-62-MGE	SA		2023-05-10	yes	Marshmallow	0	0
MAR-64-DRS	SA/GR		2023-05-12	yes	Marshmallow	0	0
MAR-64-MGE	SA/GR		2023-05-12	yes	Marshmallow	0	0
MAR-65-DRS	SA		2023-05-13	yes	Marshmallow	0	0
MAR-65-MGE	SA		2023-05-13	yes	Marshmallow	0	0
MAR-66-DRS	SA		2023-05-14	yes	Marshmallow	2	0
MAR-66-MGE	SA		2023-05-14	yes	Marshmallow	2	0
MAR-67-DRS	SA/GR		2023-05-15	yes	Marshmallow	0	0
MAR-67-MGE	SA/GR		2023-05-15	yes	Marshmallow	0	0
MAR-68-DRS	SA		2023-05-16	yes	Marshmallow	0	0
MAR-68-MGE	SA		2023-05-16	yes	Marshmallow	0	0
MAR-69-DRS	SA/GR		2023-05-17	yes	Marshmallow	0	0
MAR-69-MGE	SA/GR		2023-05-17	yes	Marshmallow	0	0
MAR-7-DRS	SA		2023-03-16	yes	Marshmallow	0	0
MAR-7-MGE	SA		2023-03-16	yes	Marshmallow	0	0
MAR-70-DRS	SA		2023-05-18	yes	Marshmallow	1	1
MAR-70-MGE	SA		2023-05-18	yes	Marshmallow	1	0
MAR-9-DRS	SA		2023-03-18	yes	Marshmallow	0	0
MAR-9-MGE	SA		2023-03-18	yes	Marshmallow	0	0
OPH-11-DRS	SA		2023-03-20	yes	Ophelia	0	0
OPH-11-MGE	SA		2023-03-20	yes	Ophelia	0	0
OPH-14-DRS	SA/GR		2023-03-23	yes	Ophelia	0	0
OPH-14-MGE	SA/GR		2023-03-23	yes	Ophelia	0	0
OPH-15-MGE	SA		2023-03-24	yes	Ophelia	1	0
OPH-16-DRS	SA		2023-03-25	yes	Ophelia	1	0
OPH-16-MGE	SA		2023-03-25	yes	Ophelia	1	0
OPH-17-DRS	SA		2023-03-26	yes	Ophelia	1	0
OPH-17-MGE	SA		2023-03-26	yes	Ophelia	1	0
OPH-18-DRS	SA/GR		2023-03-27	yes	Ophelia	0	0
OPH-18-MGE	SA/GR		2023-03-27	yes	Ophelia	1	0
OPH-19-DRS	SA		2023-03-28	yes	Ophelia	0	0
OPH-19-MGE	SA		2023-03-28	yes	Ophelia	1	0
OPH-2-DRS	SA		2023-03-11	yes	Ophelia	1	0
OPH-2-MGE	SA		2023-03-11	yes	Ophelia	1	0
OPH-20-DRS	SA		2023-03-29	yes	Ophelia	0	0
OPH-20-MGE	SA		2023-03-29	yes	Ophelia	1	0
OPH-21-DRS	SA		2023-03-30	yes	Ophelia	0	0
OPH-21-MGE	SA		2023-03-30	yes	Ophelia	0	0
OPH-22-DRS	SA/GR		2023-03-31	yes	Ophelia	0	0
OPH-22-MGE	SA/GR		2023-03-31	yes	Ophelia	0	0
OPH-24-DRS	SA		2023-04-02	yes	Ophelia	0	0
OPH-24-MGE	SA		2023-04-02	yes	Ophelia	1	0
OPH-25-DRS	SA/GR		2023-04-03	yes	Ophelia	0	0
OPH-25-MGE	SA/GR		2023-04-03	yes	Ophelia	0	0
OPH-27-DRS	SA/GR		2023-04-05	yes	Ophelia	0	0
OPH-27-MGE	SA/GR		2023-04-05	yes	Ophelia	0	0
OPH-28-DRS	SA		2023-04-06	yes	Ophelia	0	0
OPH-28-MGE	SA		2023-04-06	yes	Ophelia	0	0
OPH-29-DRS	SA/GR		2023-04-07	yes	Ophelia	2	0
OPH-29-MGE	SA/GR		2023-04-07	yes	Ophelia	2	0
OPH-3-DRS	SA		2023-03-12	yes	Ophelia	0	0
OPH-3-MGE	SA		2023-03-12	yes	Ophelia	0	0
OPH-30-DRS	SA		2023-04-08	yes	Ophelia	0	0
OPH-30-MGE	SA		2023-04-08	yes	Ophelia	0	0
OPH-31-DRS	SA		2023-04-09	yes	Ophelia	0	0
OPH-31-MGE	SA		2023-04-09	yes	Ophelia	0	0
OPH-32-DRS	SA/GR		2023-04-10	yes	Ophelia	0	0
OPH-32-MGE	SA/GR		2023-04-10	yes	Ophelia	0	0
OPH-33-DRS	SA		2023-04-11	yes	Ophelia	0	0
OPH-33-MGE	SA		2023-04-11	yes	Ophelia	0	0
OPH-34-DRS	SA/GR		2023-04-12	yes	Ophelia	0	0
OPH-34-MGE	SA/GR		2023-04-12	yes	Ophelia	0	0
OPH-35-DRS	SA		2023-04-13	yes	Ophelia	0	0
OPH-35-MGE	SA		2023-04-13	yes	Ophelia	0	0
OPH-36-MGE	SA/GR		2023-04-14	yes	Ophelia	1	0
OPH-37-MGE	SA		2023-04-15	yes	Ophelia	1	1
OPH-38-MGE	SA		2023-04-16	yes	Ophelia	0	0
OPH-39-MGE	SA/GR		2023-04-17	yes	Ophelia	0	0
OPH-4-DRS	SA		2023-03-13	yes	Ophelia	0	0
OPH-4-MGE	SA		2023-03-13	yes	Ophelia	0	0
OPH-41-DRS	SA		2023-04-19	yes	Ophelia	1	0
OPH-41-MGE	SA		2023-04-19	yes	Ophelia	1	0
OPH-43-DRS	SA/GR		2023-04-21	yes	Ophelia	1	0
OPH-43-MGE	SA/GR		2023-04-21	yes	Ophelia	1	1
OPH-44-DRS	SA		2023-04-22	yes	Ophelia	1	0
OPH-44-MGE	SA		2023-04-22	yes	Ophelia	1	0
OPH-45-DRS	SA		2023-04-23	yes	Ophelia	1	0
OPH-45-MGE	SA		2023-04-23	yes	Ophelia	1	1
OPH-46-DRS	SA/GR		2023-04-24	yes	Ophelia	0	0
OPH-46-MGE	SA/GR		2023-04-24	yes	Ophelia	0	0
OPH-48-DRS	SA/GR		2023-04-26	yes	Ophelia	1	0
OPH-48-MGE	SA/GR		2023-04-26	yes	Ophelia	1	1
OPH-49-DRS	SA		2023-04-27	yes	Ophelia	1	0
OPH-49-MGE	SA		2023-04-27	yes	Ophelia	1	1
OPH-50-DRS	SA/GR		2023-04-28	yes	Ophelia	0	0
OPH-50-MGE	SA/GR		2023-04-28	yes	Ophelia	1	0
OPH-52-DRS	SA		2023-04-30	yes	Ophelia	0	0
OPH-52-MGE	SA		2023-04-30	yes	Ophelia	0	0
OPH-53-DRS	SA/GR		2023-05-01	yes	Ophelia	0	0
OPH-53-MGE	SA/GR		2023-05-01	yes	Ophelia	0	0
OPH-55-DRS	SA/GR		2023-05-03	yes	Ophelia	1	0
OPH-55-MGE	SA/GR		2023-05-03	yes	Ophelia	1	1
OPH-56-DRS	SA		2023-05-04	yes	Ophelia	0	0
OPH-56-MGE	SA		2023-05-04	yes	Ophelia	0	0
OPH-57-DRS	SA		2023-05-05	yes	Ophelia	1	0
OPH-57-MGE	SA		2023-05-05	yes	Ophelia	1	1
OPH-58-DRS	SA		2023-05-06	yes	Ophelia	1	0
OPH-58-MGE	SA		2023-05-06	yes	Ophelia	1	0
OPH-59-DRS	SA		2023-05-07	yes	Ophelia	1	0
OPH-59-MGE	SA		2023-05-07	yes	Ophelia	1	1
OPH-6-DRS	SA		2023-03-15	yes	Ophelia	0	0
OPH-6-MGE	SA		2023-03-15	yes	Ophelia	0	0
OPH-60-DRS	SA/GR		2023-05-08	yes	Ophelia	0	0
OPH-60-MGE	SA/GR		2023-05-08	yes	Ophelia	0	0
OPH-61-DRS	SA		2023-05-09	yes	Ophelia	0	0
OPH-61-MGE	SA		2023-05-09	yes	Ophelia	0	0
OPH-62-DRS	SA		2023-05-10	yes	Ophelia	0	0
OPH-62-MGE	SA		2023-05-10	yes	Ophelia	0	0
OPH-63-DRS	SA		2023-05-11	yes	Ophelia	0	0
OPH-63-MGE	SA		2023-05-11	yes	Ophelia	1	0
OPH-64-DRS	SA/GR		2023-05-12	yes	Ophelia	0	0
OPH-64-MGE	SA/GR		2023-05-12	yes	Ophelia	0	0
OPH-65-DRS	SA		2023-05-13	yes	Ophelia	0	0
OPH-65-MGE	SA		2023-05-13	yes	Ophelia	0	0
OPH-66-DRS	SA		2023-05-14	yes	Ophelia	1	0
OPH-66-MGE	SA		2023-05-14	yes	Ophelia	1	0
OPH-67-DRS	SA/GR		2023-05-15	yes	Ophelia	0	0
OPH-67-MGE	SA/GR		2023-05-15	yes	Ophelia	0	0
OPH-68-DRS	SA		2023-05-16	yes	Ophelia	0	0
OPH-68-MGE	SA		2023-05-16	yes	Ophelia	0	0
OPH-69-DRS	SA/GR		2023-05-17	yes	Ophelia	0	0
OPH-69-MGE	SA/GR		2023-05-17	yes	Ophelia	1	0
OPH-7-DRS	SA		2023-03-16	yes	Ophelia	0	0
OPH-7-MGE	SA		2023-03-16	yes	Ophelia	0	0
OPH-70-DRS	SA		2023-05-18	yes	Ophelia	1	0
OPH-70-MGE	SA		2023-05-18	yes	Ophelia	1	0
OPH-9-DRS	SA		2023-03-18	yes	Ophelia	0	0
OPH-9-MGE	SA		2023-03-18	yes	Ophelia	1	1
PAD-1-DRS	SA		2023-03-10	yes	Padme	1	0
PAD-1-MGE	SA		2023-03-10	yes	Padme	1	1
PAD-11-DRS	SA		2023-03-20	yes	Padme	1	0
PAD-11-MGE	SA		2023-03-20	yes	Padme	1	1
PAD-15-DRS	SA		2023-03-24	yes	Padme	1	0
PAD-15-MGE	SA		2023-03-24	yes	Padme	1	0
PAD-17-DRS	SA		2023-03-26	yes	Padme	0	0
PAD-17-MGE	SA		2023-03-26	yes	Padme	1	0
PAD-20-DRS	SA	Euthanized (renal failure)	2023-03-29	yes	Padme	1	0
PAD-20-MGE	SA	Euthanized (renal failure)	2023-03-29	yes	Padme	1	0
PAD-3-DRS	SA		2023-03-12	yes	Padme	0	0
PAD-3-MGE	SA		2023-03-12	yes	Padme	0	0
PAD-5-DRS	SA		2023-03-14	yes	Padme	1	0
PAD-5-MGE	SA		2023-03-14	yes	Padme	1	1
PAD-6-DRS	SA		2023-03-15	yes	Padme	1	0
PAD-6-MGE	SA		2023-03-15	yes	Padme	1	1
PAD-7-DRS	SA		2023-03-16	yes	Padme	0	0
PAD-7-MGE	SA		2023-03-16	yes	Padme	1	0
PAD-9-DRS	SA		2023-03-18	yes	Padme	0	0
PAD-9-MGE	SA		2023-03-18	yes	Padme	0	0
WOL-1-DRS	SA		2023-03-10	yes	Wolverine	1	0
WOL-1-MGE	SA		2023-03-10	yes	Wolverine	1	1
WOL-11-DRS	SA		2023-03-20	yes	Wolverine	0	0
WOL-11-MGE	SA		2023-03-20	yes	Wolverine	0	0
WOL-14-DRS	SA/GR		2023-03-23	yes	Wolverine	1	0
WOL-14-MGE	SA/GR		2023-03-23	yes	Wolverine	1	1
WOL-15-MGE	SA		2023-03-24	yes	Wolverine	2	0
WOL-16-DRS	SA		2023-03-25	yes	Wolverine	1	0
WOL-16-MGE	SA		2023-03-25	yes	Wolverine	1	0
WOL-17-DRS	SA		2023-03-26	yes	Wolverine	0	0
WOL-17-MGE	SA		2023-03-26	yes	Wolverine	1	1
WOL-18-DRS	SA/GR		2023-03-27	yes	Wolverine	0	0
WOL-18-MGE	SA/GR		2023-03-27	yes	Wolverine	1	0
WOL-19-DRS	SA		2023-03-28	yes	Wolverine	0	0
WOL-19-MGE	SA		2023-03-28	yes	Wolverine	1	0
WOL-2-DRS	SA		2023-03-11	yes	Wolverine	1	0
WOL-2-MGE	SA		2023-03-11	yes	Wolverine	1	0
WOL-20-DRS	SA		2023-03-29	yes	Wolverine	0	0
WOL-20-MGE	SA		2023-03-29	yes	Wolverine	1	0
WOL-21-DRS	SA		2023-03-30	yes	Wolverine	0	0
WOL-21-MGE	SA		2023-03-30	yes	Wolverine	0	0
WOL-22-DRS	SA/GR		2023-03-31	yes	Wolverine	0	0
WOL-22-MGE	SA/GR		2023-03-31	yes	Wolverine	0	0
WOL-23-DRS	SA		2023-04-01	yes	Wolverine	0	0
WOL-23-MGE	SA		2023-04-01	yes	Wolverine	0	0
WOL-24-DRS	SA		2023-04-02	yes	Wolverine	0	0
WOL-24-MGE	SA		2023-04-02	yes	Wolverine	1	0
WOL-25-DRS	SA/GR		2023-04-03	yes	Wolverine	0	0
WOL-25-MGE	SA/GR		2023-04-03	yes	Wolverine	0	0
WOL-27-DRS	SA/GR		2023-04-05	yes	Wolverine	0	0
WOL-27-MGE	SA/GR		2023-04-05	yes	Wolverine	0	0
WOL-28-DRS	SA		2023-04-06	yes	Wolverine	0	0
WOL-28-MGE	SA		2023-04-06	yes	Wolverine	1	0
WOL-29-DRS	SA/GR		2023-04-07	yes	Wolverine	1	0
WOL-29-MGE	SA/GR		2023-04-07	yes	Wolverine	1	0
WOL-3-DRS	SA		2023-03-12	yes	Wolverine	0	0
WOL-3-MGE	SA		2023-03-12	yes	Wolverine	0	0
WOL-30-DRS	SA		2023-04-08	yes	Wolverine	0	0
WOL-30-MGE	SA		2023-04-08	yes	Wolverine	0	0
WOL-31-DRS	SA		2023-04-09	yes	Wolverine	0	0
WOL-31-MGE	SA		2023-04-09	yes	Wolverine	0	0
WOL-32-DRS	SA/GR		2023-04-10	yes	Wolverine	0	0
WOL-32-MGE	SA/GR		2023-04-10	yes	Wolverine	0	0
WOL-33-DRS	SA		2023-04-11	yes	Wolverine	0	0
WOL-33-MGE	SA		2023-04-11	yes	Wolverine	0	0
WOL-34-DRS	SA/GR		2023-04-12	yes	Wolverine	0	0
WOL-34-MGE	SA/GR		2023-04-12	yes	Wolverine	0	0
WOL-35-DRS	SA		2023-04-13	yes	Wolverine	0	0
WOL-35-MGE	SA		2023-04-13	yes	Wolverine	0	0
WOL-36-MGE	SA/GR		2023-04-14	yes	Wolverine	1	0
WOL-37-MGE	SA		2023-04-15	yes	Wolverine	1	1
WOL-38-MGE	SA		2023-04-16	yes	Wolverine	0	0
WOL-39-MGE	SA/GR		2023-04-17	yes	Wolverine	0	0
WOL-4-DRS	SA		2023-03-13	yes	Wolverine	0	0
WOL-4-MGE	SA		2023-03-13	yes	Wolverine	0	0
WOL-41-DRS	SA		2023-04-19	yes	Wolverine	1	0
WOL-41-MGE	SA		2023-04-19	yes	Wolverine	1	0
WOL-43-DRS	SA/GR		2023-04-21	yes	Wolverine	1	0
WOL-43-MGE	SA/GR		2023-04-21	yes	Wolverine	1	0
WOL-44-DRS	SA		2023-04-22	yes	Wolverine	1	1
WOL-44-MGE	SA		2023-04-22	yes	Wolverine	1	2
WOL-45-DRS	SA		2023-04-23	yes	Wolverine	0	0
WOL-45-MGE	SA		2023-04-23	yes	Wolverine	0	0
WOL-46-DRS	SA/GR		2023-04-24	yes	Wolverine	1	0
WOL-46-MGE	SA/GR		2023-04-24	yes	Wolverine	1	0
WOL-48-DRS	SA/GR		2023-04-26	yes	Wolverine	0	0
WOL-48-MGE	SA/GR		2023-04-26	yes	Wolverine	1	0
WOL-49-DRS	SA		2023-04-27	yes	Wolverine	1	0
WOL-49-MGE	SA		2023-04-27	yes	Wolverine	1	1
WOL-50-DRS	SA/GR		2023-04-28	yes	Wolverine	0	0
WOL-50-MGE	SA/GR		2023-04-28	yes	Wolverine	1	0
WOL-52-DRS	SA		2023-04-30	yes	Wolverine	0	0
WOL-52-MGE	SA		2023-04-30	yes	Wolverine	0	0
WOL-53-DRS	SA/GR		2023-05-01	yes	Wolverine	0	0
WOL-53-MGE	SA/GR		2023-05-01	yes	Wolverine	0	0
WOL-55-DRS	SA/GR		2023-05-03	yes	Wolverine	0	0
WOL-55-MGE	SA/GR		2023-05-03	yes	Wolverine	0	0
WOL-56-DRS	SA		2023-05-04	yes	Wolverine	0	0
WOL-56-MGE	SA		2023-05-04	yes	Wolverine	0	0
WOL-57-DRS	SA		2023-05-05	yes	Wolverine	1	0
WOL-57-MGE	SA		2023-05-05	yes	Wolverine	1	1
WOL-58-DRS	SA		2023-05-06	yes	Wolverine	0	0
WOL-58-MGE	SA		2023-05-06	yes	Wolverine	1	0
WOL-59-DRS	SA		2023-05-07	yes	Wolverine	2	0
WOL-59-MGE	SA		2023-05-07	yes	Wolverine	2	0
WOL-6-DRS	SA		2023-03-15	yes	Wolverine	0	0
WOL-6-MGE	SA		2023-03-15	yes	Wolverine	0	0
WOL-60-DRS	SA/GR		2023-05-08	yes	Wolverine	0	0
WOL-60-MGE	SA/GR		2023-05-08	yes	Wolverine	1	1
WOL-61-DRS	SA		2023-05-09	yes	Wolverine	1	0
WOL-61-MGE	SA		2023-05-09	yes	Wolverine	1	0
WOL-62-DRS	SA		2023-05-10	yes	Wolverine	0	0
WOL-62-MGE	SA		2023-05-10	yes	Wolverine	0	0
WOL-63-DRS	SA		2023-05-11	yes	Wolverine	0	0
WOL-63-MGE	SA		2023-05-11	yes	Wolverine	0	0
WOL-64-DRS	SA/GR		2023-05-12	yes	Wolverine	0	0
WOL-64-MGE	SA/GR		2023-05-12	yes	Wolverine	0	0
WOL-65-DRS	SA		2023-05-13	yes	Wolverine	0	0
WOL-65-MGE	SA		2023-05-13	yes	Wolverine	0	0
WOL-66-DRS	SA		2023-05-14	yes	Wolverine	1	0
WOL-66-MGE	SA		2023-05-14	yes	Wolverine	1	0
WOL-67-DRS	SA/GR		2023-05-15	yes	Wolverine	0	0
WOL-67-MGE	SA/GR		2023-05-15	yes	Wolverine	0	0
WOL-68-DRS	SA		2023-05-16	yes	Wolverine	0	0
WOL-68-MGE	SA		2023-05-16	yes	Wolverine	0	0
WOL-69-DRS	SA/GR		2023-05-17	yes	Wolverine	0	0
WOL-69-MGE	SA/GR		2023-05-17	yes	Wolverine	0	0
WOL-70-DRS	SA		2023-05-18	yes	Wolverine	1	1
WOL-70-MGE	SA		2023-05-18	yes	Wolverine	1	2
WOL-9-DRS	SA		2023-03-18	yes	Wolverine	0	0
WOL-9-MGE	SA		2023-03-18	yes	Wolverine	0	0
